ITEM_CODE,ITEM_NAME,MARKET_DIV
000010,조흥은행,KOSPI
000020,동화약품,KOSPI
000030,우리은행,KOSPI
000040,KR모터스,KOSPI
000050,경방,KOSPI
000060,메리츠화재,KOSPI
000070,삼양홀딩스,KOSPI
000075,삼양홀딩스우,KOSPI
000080,하이트진로,KOSPI
000085,"진로(1우 )",KOSPI
000087,하이트진로2우B,KOSPI
000100,유한양행,KOSPI
000105,유한양행우,KOSPI
000107,유한양행(2우B),KOSPI
000110,제일은행,KOSPI
000120,CJ대한통운,KOSPI
000140,하이트진로홀딩스,KOSPI
000145,하이트진로홀딩스우,KOSPI
000147,하이트맥주(2우B),KOSPI
000149,하이트맥주(3우B),KOSPI
000150,두산,KOSPI
000155,두산우,KOSPI
000157,두산2우B,KOSPI
000180,성창기업지주,KOSPI
000200,대우중공업,KOSPI
000205,대우중공업(1우),KOSPI
000210,DL,KOSPI
000215,DL우,KOSPI
000220,유유제약,KOSPI
000225,유유제약1우,KOSPI
000227,유유제약2우B,KOSPI
000230,일동홀딩스,KOSPI
000240,한국앤컴퍼니,KOSPI
000250,삼천당제약,KOSDAQ
000270,기아,KOSPI
000280,동아건설,KOSPI
000300,대유플러스,KOSPI
000310,해태제과,KOSPI
000315,"해태제과(1우 )",KOSPI
000317,해태제과(2우B),KOSPI
000320,노루홀딩스,KOSPI
000325,노루홀딩스우,KOSPI
000327,노루홀딩스2우B,KOSPI
000360,삼환기업,KOSPI
000365,삼환기업우,KOSPI
000370,한화손해보험,KOSPI
000380,대아건설,KOSDAQ
000390,삼화페인트,KOSPI
000400,롯데손해보험,KOSPI
000420,로케트전기,KOSPI
000425,로케트전우,KOSPI
000430,대원강업,KOSPI
000440,중앙에너비스,KOSDAQ
000470,그린손해보험,KOSPI
000475,"국제화재(1우 )",KOSPI
000480,CR홀딩스,KOSPI
000490,대동,KOSPI
000500,가온전선,KOSPI
000520,삼일제약,KOSPI
000540,흥국화재,KOSPI
000545,흥국화재우,KOSPI
000547,흥국화재2우B,KOSPI
000590,CS홀딩스,KOSPI
000610,제일화재,KOSPI
000640,동아쏘시오홀딩스,KOSPI
000650,천일고속,KOSPI
000660,SK하이닉스,KOSPI
000670,영풍,KOSPI
000680,LS네트웍스,KOSPI
000685,LS네트웍스우,KOSPI
000687,LS네트웍스전환상환2우B,KOSPI
000700,유수홀딩스,KOSPI
000720,현대건설,KOSPI
000725,현대건설우,KOSPI
000760,이화산업,KOSPI
000790,C&상선,KOSPI
000800,경남기업,KOSPI
000805,경남기업(1우B),KOSPI
000810,삼성화재,KOSPI
000815,삼성화재우,KOSPI
000830,삼성물산,KOSPI
000835,삼성물산우,KOSPI
000850,화천기공,KOSPI
000860,강남제비스코,KOSPI
000880,한화,KOSPI
000885,한화우,KOSPI
000887,한화(2우B),KOSPI
00088K,한화3우B,KOSPI
000890,보해양조,KOSPI
000895,보해양조우,KOSPI
000910,유니온,KOSPI
000950,전방,KOSPI
000970,한국주철관,KOSPI
000980,극동건설,KOSPI
000985,"극동건설(1우 )",KOSPI
000990,DB하이텍,KOSPI
000995,DB하이텍1우,KOSPI
000997,동부하이텍2우B,KOSPI
001000,신라섬유,KOSDAQ
001020,페이퍼코리아,KOSPI
001030,리젠트화재,KOSPI
001035,리젠트화재(1우B),KOSPI
001040,CJ,KOSPI
001045,CJ우,KOSPI
001047,CJ2우B,KOSPI
001049,CJ3우B,KOSPI
00104K,CJ4우(전환),KOSPI
001060,JW중외제약,KOSPI
001065,JW중외제약우,KOSPI
001067,JW중외제약2우B,KOSPI
001070,대한방직,KOSPI
001080,만호제강,KOSPI
001110,대농,KOSPI
001120,LX인터내셔널,KOSPI
001130,대한제분,KOSPI
001140,카리스국보,KOSPI
001150,서통,KOSPI
001155,"서통(1우 )",KOSPI
001190,마이크로닉스,KOSPI
001200,유진투자증권,KOSPI
001210,금호전기,KOSPI
001230,동국홀딩스,KOSPI
001250,GS글로벌,KOSPI
001260,남광토건,KOSPI
001265,남광토건(1우B),KOSPI
001270,부국증권,KOSPI
001275,부국증권우,KOSPI
001280,우리증권,KOSPI
001290,상상인증권,KOSPI
001300,제일모직,KOSPI
001310,풍림산업,KOSPI
001340,백광산업,KOSPI
001360,삼성제약,KOSPI
001370,FNC코오롱,KOSPI
001375,FnC코오롱우,KOSPI
001380,SG충방,KOSPI
001385,SG충남방적우,KOSPI
001390,KG케미칼,KOSPI
001400,동산씨앤지,KOSPI
001420,태원물산,KOSPI
001430,세아베스틸지주,KOSPI
001440,대한전선,KOSPI
001450,현대해상,KOSPI
001460,BYC,KOSPI
001465,BYC우,KOSPI
001470,삼부토건,KOSPI
001490,천지산업,KOSPI
001500,현대차증권,KOSPI
001510,SK증권,KOSPI
001515,SK증권우,KOSPI
001520,동양,KOSPI
001525,동양우,KOSPI
001527,동양2우B,KOSPI
001529,동양3우B,KOSPI
001530,DI동일,KOSPI
001540,안국약품,KOSDAQ
001550,조비,KOSPI
001560,제일연마,KOSPI
001570,금양,KOSPI
001580,신광기업,KOSPI
001590,일화모직,KOSPI
001600,서광건설,KOSPI
001620,케이비아이동국실업,KOSPI
001630,종근당홀딩스,KOSPI
001670,경남모직,KOSPI
001675,"경남모직(1우 )",KOSPI
001680,대상,KOSPI
001685,대상우,KOSPI
001687,대상2우B,KOSPI
001689,대상3우B,KOSPI
001690,두산테크팩,KOSPI
001695,"두산테크팩(1우 )",KOSPI
001697,두산테크팩(2우B),KOSPI
001720,신영증권,KOSPI
001725,신영증권우,KOSPI
001740,SK네트웍스,KOSPI
001745,SK네트웍스우,KOSPI
001750,한양증권,KOSPI
001755,한양증권우,KOSPI
001770,SHD,KOSPI
001780,알루코,KOSPI
001785,"동양강철(1우 )",KOSPI
001787,동양강철(2우B),KOSPI
001790,대한제당,KOSPI
001795,대한제당우,KOSPI
001797,대한제당(2우B),KOSPI
001799,대한제당3우B,KOSPI
001800,오리온홀딩스,KOSPI
001810,무림SP,KOSDAQ
001820,삼화콘덴서,KOSPI
001830,동부일렉트로닉스,KOSPI
001835,동부일렉트로닉스(1우B),KOSPI
001837,동부일렉트로닉스(2우B),KOSPI
001840,이화공영,KOSDAQ
001880,DL건설,KOSPI
001890,영창악기,KOSPI
001920,한보철강,KOSPI
001940,KISCO홀딩스,KOSPI
001950,남한제지,KOSPI
001955,남한제지우,KOSPI
001970,신성건설,KOSPI
001975,신성건설우,KOSPI
001980,대호,KOSPI
002000,한국유리,KOSPI
002005,한국유리우,KOSPI
002020,코오롱,KOSPI
002025,코오롱우,KOSPI
002027,코오롱2우B,KOSPI
002030,아세아,KOSPI
002050,경향건설,KOSPI
002055,"경향건설(1우 )",KOSPI
002070,남영비비안,KOSPI
002100,경농,KOSPI
002105,"경농(1우 )",KOSPI
002130,피어리스,KOSPI
002140,고려산업,KOSPI
002150,도화엔지니어링,KOSPI
002170,삼양통상,KOSPI
002180,삼익건설,KOSPI
002200,한국수출포장,KOSPI
002210,동성제약,KOSPI
002220,한일철강,KOSPI
002230,피에스텍,KOSDAQ
002240,고려제강,KOSPI
002250,알보젠코리아,KOSPI
002270,롯데푸드,KOSPI
002290,삼일기업공사,KOSDAQ
002300,한국제지,KOSPI
002310,아세아제지,KOSPI
002320,한진,KOSPI
002350,넥센타이어,KOSPI
002355,넥센타이어1우B,KOSPI
002360,SH에너지화학,KOSPI
002365,SH에너지화학우,KOSPI
002380,KCC,KOSPI
002390,한독,KOSPI
002410,범양건영,KOSPI
002420,세기상사,KOSPI
002450,삼익악기,KOSPI
002460,HS화성,KOSPI
002470,동성,KOSPI
002480,범양사,KOSDAQ
002530,벽산건설,KOSPI
002535,벽산건설우,KOSPI
002540,메이드,KOSPI
002550,KB손해보험,KOSPI
002580,삼미,KOSPI
002585,"삼미(1우 )",KOSPI
002600,조흥,KOSPI
002610,LGEI,KOSPI
002615,LGEI(1우),KOSPI
002620,제일파마홀딩스,KOSPI
002630,오리엔트바이오,KOSPI
002670,미주제강,KOSDAQ
002680,한탑,KOSDAQ
002690,동일제강,KOSPI
002700,신일전자,KOSPI
002710,TCC스틸,KOSPI
002720,국제약품,KOSPI
002740,동양화학,KOSPI
002745,동양화학(1우),KOSPI
002760,보락,KOSPI
002780,진흥기업,KOSPI
002785,진흥기업우B,KOSPI
002787,진흥기업2우B,KOSPI
002790,아모레G,KOSPI
002795,아모레G우,KOSPI
002797,아모레G2우B,KOSPI
00279K,아모레G3우(전환),KOSPI
002800,신신제약,KOSDAQ
002810,삼영무역,KOSPI
002820,SUN&L,KOSPI
002840,미원상사,KOSPI
002850,영풍산업,KOSPI
002855,"영풍산업(1우 )",KOSPI
002857,영풍산업(2우B),KOSPI
002860,하나은행,KOSPI
002870,신풍,KOSPI
002880,대유에이텍,KOSPI
002900,TYM,KOSPI
002920,유성기업,KOSPI
002930,삼도물산,KOSPI
002950,두산건설,KOSPI
002955,"두산건설(1우 )",KOSPI
002957,두산건설(2우B),KOSPI
002960,한국쉘석유,KOSPI
002990,금호건설,KOSPI
002995,금호건설우,KOSPI
003000,부광약품,KOSPI
003010,혜인,KOSPI
003020,남양,KOSPI
003030,세아제강지주,KOSPI
003040,한일약품,KOSPI
003050,넥상스코리아,KOSPI
003060,에이프로젠바이오로직스,KOSPI
003070,코오롱글로벌,KOSPI
003075,코오롱글로벌우,KOSPI
003079,코오롱건설(3우B),KOSPI
003080,성보화학,KOSPI
003090,대웅,KOSPI
003100,선광,KOSDAQ
003110,대일화학,KOSPI
003120,일성아이에스,KOSPI
003160,디아이,KOSPI
003190,알앤엘바이오,KOSPI
003200,일신방직,KOSPI
003220,대원제약,KOSPI
003230,삼양식품,KOSPI
003240,태광산업,KOSPI
003260,서광,KOSPI
003280,흥아해운,KOSPI
003300,한일홀딩스,KOSPI
003310,대주산업,KOSDAQ
003320,신한증권,KOSPI
003330,하나증권,KOSPI
003335,"하나증권(1우 )",KOSPI
003350,한국화장품제조,KOSPI
003380,하림지주,"KOSDAQ GLOBAL"
003410,쌍용C&E,KOSPI
003415,쌍용양회우,KOSPI
003417,쌍용양회2우B,KOSPI
003419,쌍용양회3우B,KOSPI
00341A,쌍용양회4우B,KOSPI
00341D,쌍용양회5우B,KOSPI
003450,현대증권,KOSPI
003457,현대증권2우B,KOSPI
003460,유화증권,KOSPI
003465,유화증권우,KOSPI
003470,유안타증권,KOSPI
003475,유안타증권우,KOSPI
003480,한진중공업홀딩스,KOSPI
003490,대한항공,KOSPI
003495,대한항공우,KOSPI
003497,대한항공(2우B),KOSPI
003520,영진약품,KOSPI
003530,한화투자증권,KOSPI
003535,한화투자증권우,KOSPI
003540,대신증권,KOSPI
003545,대신증권우,KOSPI
003547,대신증권2우B,KOSPI
003550,LG,KOSPI
003555,LG우,KOSPI
003560,IHQ,KOSPI
003570,SNT다이내믹스,KOSPI
003580,HLB글로벌,KOSPI
003590,광덕물산,KOSPI
003595,광덕물산(1우B),KOSPI
003600,SK,KOSPI
003605,SK우,KOSPI
003610,방림,KOSPI
003620,KG모빌리티,KOSPI
003640,유니온스틸,KOSPI
003650,미창석유,KOSPI
003660,고려시멘트,KOSPI
003670,포스코퓨처엠,KOSPI
003680,한성기업,KOSPI
003690,코리안리,KOSPI
003720,삼영,KOSPI
003780,진양산업,KOSPI
003800,에이스침대,KOSDAQ
003810,대우,KOSPI
003830,대한화섬,KOSPI
003850,보령,KOSPI
003900,해태유업,KOSPI
003905,"해태유업(1우 )",KOSPI
003920,남양유업,KOSPI
003925,남양유업우,KOSPI
003930,부흥,KOSPI
003940,삼양제넥스,KOSPI
003945,삼양제넥우,KOSPI
003960,사조대림,KOSPI
003965,사조대림우,KOSPI
003980,한일합섬,KOSPI
003985,"한일합섬(1우 )",KOSPI
003990,BHK,KOSPI
004000,롯데정밀화학,KOSPI
004010,롯데미도파,KOSPI
004020,현대제철,KOSPI
004025,"현대제철 1우B",KOSPI
004060,SG세계물산,KOSPI
004080,신흥,KOSPI
004090,한국석유,KOSPI
004100,태양금속,KOSPI
004105,태양금속우,KOSPI
004110,대선주조,KOSPI
004130,대덕GDS,KOSPI
004135,대덕GDS우,KOSPI
004137,대덕GDS2우B,KOSPI
004140,동방,KOSPI
004145,동방(1우B),KOSPI
004147,동방전환상환2우B,KOSPI
004149,동방전환상환3우B,KOSPI
004150,한솔홀딩스,KOSPI
004155,"한솔제지(1우 )",KOSPI
004170,신세계,KOSPI
004175,신세계(1우B),KOSPI
004190,스마텔,KOSPI
004200,고려개발,KOSPI
004230,세신,KOSPI
004250,NPC,KOSPI
004255,NPC우,KOSPI
004270,남성,KOSPI
004290,아이케이,KOSPI
004295,"아이케이(1우 )",KOSPI
004310,현대약품,KOSPI
004320,울트라건설,KOSDAQ
004325,울트라건설우,KOSDAQ
004360,세방,KOSPI
004365,세방우,KOSPI
004367,세방2우B,KOSPI
004370,농심,KOSPI
004380,삼익THK,KOSPI
004390,오리온전기,KOSPI
004410,서울식품,KOSPI
004415,서울식품우,KOSPI
004420,동국무역,KOSPI
004430,송원산업,KOSPI
004440,삼일씨엔에스,KOSPI
004450,삼화왕관,KOSPI
004460,고합,KOSPI
004465,"고합(1우 )",KOSPI
004490,세방전지,KOSPI
004510,디와이홀딩스,KOSPI
004530,SY,KOSPI
004540,깨끗한나라,KOSPI
004545,깨끗한나라우,KOSPI
004550,대우송도개발,KOSPI
004555,대우송도개발1우,KOSPI
004560,현대비앤지스틸,KOSPI
004565,현대비앤지스틸우,KOSPI
004590,한국가구,KOSDAQ
004620,캠브리지코오롱,KOSPI
004650,창해에탄올,KOSDAQ
004660,신동방CP,KOSPI
004690,삼천리,KOSPI
004700,조광피혁,KOSPI
004710,한솔테크닉스,KOSPI
004720,팜젠사이언스,KOSPI
004740,보루네오,KOSPI
004770,써니전자,KOSPI
004780,대륙제관,KOSDAQ
004790,렉스엘이앤지,KOSDAQ
004800,효성,KOSPI
004820,조인에너지,KOSPI
004830,덕성,KOSPI
004835,덕성우,KOSPI
004837,덕성(2우B),KOSPI
004840,DRB동일,KOSPI
004870,티웨이홀딩스,KOSPI
004890,동일산업,KOSPI
004910,조광페인트,KOSPI
004920,씨아이테크,KOSPI
004940,외환은행,KOSPI
004945,외환은행(1우B),KOSPI
004947,외환은행(2우B),KOSPI
004960,한신공영,KOSPI
004965,한신공영우,KOSPI
004970,신라교역,KOSPI
004980,성신양회,KOSPI
004985,성신양회우,KOSPI
004987,성신양회2우B,KOSPI
004989,성신양회3우B,KOSPI
004990,롯데지주,KOSPI
00499K,롯데지주우,KOSPI
005010,휴스틸,KOSPI
005030,부산주공,KOSPI
005060,대우통신,KOSPI
005070,코스모신소재,KOSPI
005090,SGC에너지,KOSPI
005110,한창,KOSPI
005160,동국산업,KOSDAQ
005180,빙그레,KOSPI
005190,동성화학,KOSPI
005250,녹십자홀딩스,KOSPI
005255,녹십자홀딩스1우,KOSPI
005257,녹십자홀딩스2우,KOSPI
005270,대구은행,KOSPI
005280,부산은행,KOSPI
005290,동진쎄미켐,KOSDAQ
005300,롯데칠성,KOSPI
005305,롯데칠성우,KOSPI
005320,국동,KOSPI
005330,카스코,KOSPI
005350,선우ST,KOSPI
005360,모나미,KOSPI
005380,현대차,KOSPI
005385,현대차우,KOSPI
005387,현대차2우B,KOSPI
005389,현대차3우B,KOSPI
005390,신성통상,KOSPI
005420,코스모화학,KOSPI
005430,한국공항,KOSPI
005440,현대지에프홀딩스,KOSPI
005450,신한,KOSPI
005490,POSCO홀딩스,KOSPI
005500,삼진제약,KOSPI
005560,JS전선,KOSPI
005600,중앙제지,KOSPI
005605,중앙제지(1우B),KOSPI
005610,SPC삼립,KOSPI
005620,대성합동지주,KOSPI
005670,푸드웰,KOSDAQ
005680,삼영전자,KOSPI
005690,파미셀,KOSPI
005710,대원산업,KOSDAQ
005720,넥센,KOSPI
005725,넥센우,KOSPI
005740,크라운해태홀딩스,KOSPI
005745,크라운해태홀딩스우,KOSPI
005750,대림B&Co,KOSPI
005760,위너스인프라인,KOSPI
005770,광주은행,KOSPI
005800,신영와코루,KOSPI
005810,풍산홀딩스,KOSPI
005820,원림,KOSPI
005830,DB손해보험,KOSPI
005850,에스엘,KOSPI
005860,한일사료,KOSDAQ
005870,휴니드,KOSPI
005880,대한해운,KOSPI
005890,동원증권,KOSPI
005895,"동원증권(1우 )",KOSPI
005897,동원증권(2우B),KOSPI
005900,동양건설,KOSPI
005930,삼성전자,KOSPI
005935,삼성전자우,KOSPI
005940,NH투자증권,KOSPI
005945,NH투자증권우,KOSPI
005950,이수화학,KOSPI
005960,동부건설,KOSPI
005965,동부건설우,KOSPI
005980,성지건설,KOSPI
005990,매일홀딩스,KOSDAQ
006040,동원산업,KOSPI
006050,국영지앤엠,KOSDAQ
006060,화승인더,KOSPI
006070,기린,KOSPI
006090,사조오양,KOSPI
006110,삼아알미늄,KOSPI
006120,SK디스커버리,KOSPI
006125,SK디스커버리우,KOSPI
006140,피제이전자,KOSDAQ
006150,한메NS,KOSPI
006200,한국전자홀딩스,KOSPI
006210,휴리프,KOSPI
006220,제주은행,KOSPI
006250,극동전선,KOSPI
006260,LS,KOSPI
006280,녹십자,KOSPI
006290,인천정유,KOSPI
006295,"인천정유(1우 )",KOSPI
006340,대원전선,KOSPI
006345,대원전선우,KOSPI
006347,대원전선(2우B),KOSPI
006350,전북은행,KOSPI
006360,GS건설,KOSPI
006370,대구백화점,KOSPI
006375,대구백화우,KOSPI
006380,카프로,KOSPI
006390,한일현대시멘트,KOSPI
006400,삼성SDI,KOSPI
006405,삼성SDI우,KOSPI
006440,한일건설,KOSPI
006445,한일건설(1우B),KOSPI
006490,인스코비,KOSPI
006570,대림통상,KOSPI
006580,대양제지,KOSDAQ
006600,동신제약,KOSPI
006605,"동신제약(1우 )",KOSPI
006610,경남은행,KOSPI
006620,동구바이오제약,KOSDAQ
006650,대한유화,KOSPI
006660,삼성공조,KOSPI
006730,서부T&D,KOSDAQ
006740,영풍제지,KOSPI
006750,센추리,KOSPI
006800,미래에셋증권,KOSPI
006805,미래에셋증권우,KOSPI
00680K,미래에셋증권2우B,KOSPI
006840,AK홀딩스,KOSPI
006880,신송홀딩스,KOSPI
006890,태경케미컬,KOSPI
006910,보성파워텍,KOSDAQ
006920,모헨즈,KOSDAQ
006980,우성,KOSPI
007050,유리이에스,KOSPI
007070,GS리테일,KOSPI
007110,일신석재,KOSPI
007120,미래아이앤지,KOSPI
007150,동양텔레콤,KOSDAQ
007160,사조산업,KOSPI
007190,한솔아트원제지,KOSPI
007195,한솔아트원제지우,KOSPI
007197,한솔아트원제지2우B,KOSPI
007200,진흥저축은행,KOSPI
007210,벽산,KOSPI
007280,한국특강,KOSPI
007310,오뚜기,KOSPI
007330,푸른저축은행,KOSDAQ
007340,DN오토모티브,KOSPI
007360,하나은행,KOSPI
007370,진양제약,KOSDAQ
007390,네이처셀,KOSDAQ
007410,대우전자,KOSPI
007420,해동금고,KOSPI
007460,에이프로젠,KOSPI
007480,대한은박지,KOSPI
007490,태창기업,KOSPI
007530,와이엠,KOSDAQ
007540,샘표,KOSPI
007570,일양약품,KOSPI
007575,일양약품우,KOSPI
007590,동방아그로,KOSPI
007595,동방아그우,KOSPI
007610,선도전기,KOSPI
007630,폴루스바이오팜,KOSPI
007640,HK저축은행,KOSDAQ
007660,이수페타시스,KOSPI
007680,대원,KOSDAQ
007690,국도화학,KOSPI
007700,F&F홀딩스,KOSPI
007720,대명소노시즌,KOSDAQ
007770,한일화학,KOSDAQ
007800,솔로몬저축은행,KOSPI
007810,코리아써키트,KOSPI
007815,코리아써우,KOSPI
00781K,코리아써키트2우B,KOSPI
007820,에스엠코어,KOSDAQ
007830,부산저축은행,KOSDAQ
007860,서연,KOSPI
007910,세원화성,KOSPI
007980,TP,KOSPI
008000,도레이케미칼,KOSPI
008020,경남에너지,KOSPI
008030,아이텍스필,KOSDAQ
008040,사조동아원,KOSPI
008060,대덕,KOSPI
00806K,대덕1우,KOSPI
008080,에스와이코퍼레이션,KOSPI
008110,대동전자,KOSPI
008120,모토조이,KOSPI
008250,이건산업,KOSPI
008260,NI스틸,KOSPI
008270,산은캐피탈,KOSPI
008290,원풍물산,KOSDAQ
008320,한국기술산업,KOSPI
008340,코레스,KOSDAQ
008350,남선알미늄,KOSPI
008355,남선알미우,KOSPI
008370,원풍,KOSDAQ
008400,C&중공업,KOSPI
008405,C&중공업우,KOSPI
008420,문배철강,KOSPI
008440,아이넥스,KOSPI
008470,부스타,KOSDAQ
008480,KEP전자,KOSPI
008485,KEP전자(1우B),KOSPI
008490,서흥,KOSPI
008500,일정실업,KOSPI
008530,일은증권,KOSPI
008540,케이비물산,KOSPI
008560,메리츠종금증권,KOSPI
008600,윌비스,KOSPI
008640,우성건설,KOSPI
008670,굿모닝신한증권,KOSPI
008675,굿모닝신한증권(1우),KOSPI
008690,한양,KOSPI
008700,아남전자,KOSPI
008705,아남전자우,KOSPI
008720,삼양엔텍,KOSPI
008730,율촌화학,KOSPI
008750,범양식품,KOSPI
008770,호텔신라,KOSPI
008775,호텔신라우,KOSPI
008780,"i 인프라",KOSDAQ
008800,스튜디오썸머,KOSDAQ
008830,대동기어,KOSDAQ
008870,금비,KOSPI
008900,티이씨앤코,KOSPI
008930,한미사이언스,KOSPI
008970,동양철관,KOSPI
008975,동양철관우,KOSPI
008980,동양현대종금,KOSPI
008985,"동양현대종금(1우 )",KOSPI
008990,중앙종금,KOSPI
009010,에듀언스,KOSDAQ
009050,대한알미늄,KOSPI
009070,KCTC,KOSPI
009080,퍼시픽글라스,KOSPI
009085,퍼시픽글라스(1우),KOSPI
009140,경인전자,KOSPI
009150,삼성전기,KOSPI
009155,삼성전기우,KOSPI
009160,SIMPAC,KOSPI
009180,한솔로지스틱스,KOSPI
009190,대양금속,KOSPI
009200,무림페이퍼,KOSPI
009220,그로웰전자,KOSDAQ
009240,한샘,KOSPI
009270,신원,KOSPI
009275,신원우,KOSPI
009280,다함이텍,KOSPI
009290,광동제약,KOSPI
009300,삼아제약,KOSDAQ
009310,참엔지니어링,KOSPI
009320,대우부품,KOSPI
009330,삼애인더스,KOSPI
009335,삼애인더스(1우B),KOSPI
009337,삼애인더스(2우B),KOSPI
009360,베네데스하이텍,KOSPI
009380,아세아페이퍼텍,KOSPI
009385,아세아페우B,KOSPI
009410,태영건설,KOSPI
009415,태영건설우,KOSPI
009420,한올바이오파마,KOSPI
009440,KC그린홀딩스,KOSPI
009450,경동나비엔,KOSPI
009460,한창제지,KOSPI
009470,삼화전기,KOSPI
009520,포스코엠텍,"KOSDAQ GLOBAL"
009540,HD한국조선해양,KOSPI
009580,무림P&P,KOSPI
009620,삼보산업,KOSDAQ
009680,모토닉,KOSPI
009690,케이엠에이치,KOSPI
009720,전기초자,KOSPI
009730,이렘,KOSDAQ
009760,한국컴퓨터지주,KOSPI
009770,삼정펄프,KOSPI
009780,엠에스씨,KOSDAQ
009790,휴닉스,KOSPI
009795,"휴닉스(1우 )",KOSPI
009810,플레이그램,KOSPI
009815,고려포리머우,KOSPI
009830,한화솔루션,KOSPI
009835,한화솔루션우,KOSPI
009837,한화석화(2우B),KOSPI
009840,갑을,KOSPI
009890,맥슨텔레콤,KOSPI
009895,맥슨텔레콤(1우B),KOSPI
009897,맥슨텔레콤(2우B),KOSPI
009900,명신산업,KOSPI
009940,대아리드선,KOSPI
009970,영원무역홀딩스,KOSPI
010040,한국내화,KOSPI
010050,우리종금,KOSPI
010060,OCI홀딩스,KOSPI
010090,해태유통,KOSPI
010095,해태유통(1우B),KOSPI
010100,한국무브넥스,KOSPI
010120,"LS ELECTRIC",KOSPI
010130,고려아연,KOSPI
010140,삼성중공업,KOSPI
010145,삼성중공우,KOSPI
010150,한국코아,KOSPI
010170,대한광통신,KOSDAQ
010200,극동제혁,KOSPI
010240,흥국,KOSDAQ
010280,쌍용정보통신,KOSDAQ
010330,라미화장품,KOSPI
010400,우진아이엔에스,KOSPI
010420,한솔PNS,KOSPI
010460,화인자산관리,KOSPI
010470,오리콤,KOSDAQ
010510,일진,KOSPI
010520,현대하이스코,KOSPI
010580,에스엠벡셀,KOSPI
010600,웰바이오텍,KOSPI
010620,HD현대미포,KOSPI
010640,진양폴리,KOSPI
010660,화천기계,KOSPI
010670,나노트로닉스,KOSDAQ
010690,화신,KOSPI
010730,금강화섬,KOSPI
010770,평화홀딩스,KOSPI
010780,아이에스동서,KOSPI
010820,퍼스텍,KOSPI
010950,S-Oil,KOSPI
010955,S-Oil우,KOSPI
010960,삼호개발,KOSPI
011000,진원생명과학,KOSPI
011020,코오롱유화,KOSPI
011040,경동제약,KOSDAQ
011050,케드콤,KOSPI
011070,LG이노텍,KOSPI
011080,형지I&C,KOSDAQ
011090,에넥스,KOSPI
011150,CJ씨푸드,KOSPI
011155,CJ씨푸드1우,KOSPI
011160,두산건설,KOSPI
011170,롯데케미칼,KOSPI
011200,HMM,KOSPI
011210,현대위아,KOSPI
011230,삼화전자,KOSPI
011260,한국종금,KOSPI
011280,태림포장,KOSPI
011290,갑을방적,KOSPI
011300,성안머티리얼스,KOSPI
011320,유니크,KOSDAQ
011330,유니켐,KOSPI
011370,서한,KOSDAQ
011390,부산산업,KOSPI
011400,케이씨오에너지,KOSPI
011420,갤럭시아에스엠,KOSPI
011450,송원칼라,KOSPI
011500,한농화성,KOSPI
011510,청구,KOSPI
011560,세보엠이씨,KOSDAQ
011690,와이투솔루션,KOSPI
011700,한신기계,KOSPI
011720,현대피앤씨,KOSPI
011760,현대코퍼레이션,KOSPI
011780,금호석유,KOSPI
011785,금호석유우,KOSPI
011790,SKC,KOSPI
011800,배명금속,KOSPI
011810,STX,KOSPI
011815,"STX(1우 )",KOSPI
011840,계몽사,KOSPI
011930,신성솔라에너지,KOSPI
012030,DB,KOSPI
012090,성원건설,KOSPI
012095,성원건설우,KOSPI
012160,영흥,KOSPI
012170,아센디오,KOSPI
012200,계양전기,KOSPI
012205,계양전기우,KOSPI
012210,삼미금속,KONEX
012250,셰프라인,KOSPI
012260,이지닷컴,KOSPI
012265,"이지닷컴(1우 )",KOSPI
012270,동신,KOSPI
012280,영화금속,KOSPI
012320,경동인베스트,KOSPI
012330,현대모비스,KOSPI
012335,현대모비스우,KOSPI
012337,현대모비스(2우B),KOSPI
012340,뉴인텍,KOSDAQ
012400,허메스홀딩스,KOSPI
012405,허메스홀딩스우,KOSPI
012410,글로스텍,KOSPI
012420,메리츠종금,KOSPI
012450,한화에어로스페이스,KOSPI
012460,우영,KOSDAQ
012510,더존비즈온,KOSPI
012580,톰보이,KOSPI
012600,청호ICT,KOSPI
012610,경인양행,KOSPI
012620,원일특강,KOSDAQ
012630,HDC,KOSPI
012650,쌍용건설,KOSDAQ
012655,쌍용건설우,KOSDAQ
012670,환영철강,KOSPI
012690,모나리자,KOSPI
012700,리드코프,KOSDAQ
012710,한스종금,KOSPI
012720,건영,KOSPI
012750,에스원,KOSPI
012760,동아정기,KOSPI
012790,신일제약,KOSDAQ
012800,대창,KOSPI
012805,대창우,KOSPI
012860,모베이스전자,KOSDAQ
012990,LG석유화학,KOSPI
013000,세우글로벌,KOSPI
013005,세우글로벌우,KOSPI
013030,하이록코리아,KOSDAQ
013090,이트로닉스,KOSPI
013095,"이트로닉스(1우 )",KOSPI
013097,이트로닉스(2우B),KOSPI
013120,동원개발,KOSDAQ
013200,C&우방,KOSPI
013240,셀런,KOSPI
013250,대양금고,KOSPI
013255,대양금고(1우B),KOSPI
013310,아진산업,KOSDAQ
013340,AJS,KOSDAQ
013360,일성건설,KOSPI
013365,일성건설우B,KOSPI
013367,일성건설2우B,KOSPI
013450,동성하이켐,KOSDAQ
013520,화승코퍼레이션,KOSPI
013570,디와이,KOSPI
013580,계룡건설,KOSPI
013630,휴먼이노텍,KOSDAQ
013635,휴먼이노텍우,KOSDAQ
013650,데코,KOSDAQ
013700,까뮤이앤씨,KOSPI
013720,CBI,KOSDAQ
013780,아큐텍,KOSDAQ
013810,스페코,KOSDAQ
013870,지엠비코리아,KOSPI
013890,지누스,KOSPI
013990,아가방컴퍼니,KOSDAQ
014010,인터피온반도체,KOSPI
014015,인터피온반도체(1우),KOSPI
014040,GPS,KOSPI
014045,GPS(1우B),KOSPI
014047,GPS(2우B),KOSPI
014080,뉴맥스,KOSPI
014100,메디앙스,KOSDAQ
014130,한익스프레스,KOSPI
014160,대영포장,KOSPI
014190,원익큐브,KOSDAQ
014200,광림,KOSDAQ
014280,금강공업,KOSPI
014285,금강공업우,KOSPI
014300,선진지주,KOSPI
014350,신일건업,KOSPI
014420,프로비타,KOSDAQ
014440,영보화학,KOSPI
014470,부방,KOSDAQ
014530,극동유화,KOSPI
014570,고려제약,KOSDAQ
014580,태경비케이,KOSPI
014590,티엘씨레저,KOSPI
014620,성광벤드,KOSDAQ
014680,한솔케미칼,KOSPI
014710,사조씨푸드,KOSPI
014740,금호케미칼,KOSPI
014745,금호케미칼(1우),KOSPI
014790,"HL D&I",KOSPI
014820,동원시스템즈,KOSPI
014825,동원시스템즈우,KOSPI
014827,동원시스템즈(2우B),KOSPI
014830,유니드,KOSPI
014900,삼보컴퓨터,KOSPI
014910,성문전자,KOSPI
014915,성문전자우,KOSPI
014940,오리엔탈정공,KOSDAQ
014970,삼륭물산,KOSDAQ
014990,인디에프,KOSPI
015020,이스타코,KOSPI
015050,비전하이테크,KOSDAQ
015110,중앙건설,KOSPI
015150,다산,KOSDAQ
015170,중앙바이오텍,KOSDAQ
015200,비앤비성원,KOSDAQ
015230,대창단조,KOSPI
015260,에이엔피,KOSPI
015350,부산가스,KOSPI
015360,예스코홀딩스,KOSPI
015390,엘앤씨피,KOSDAQ
015540,에코바이브,KOSPI
015545,웰스브릿지우,KOSPI
015580,신한은행,KOSPI
015585,신한은행(1우C),KOSPI
015590,KIB플러그에너지,KOSPI
015620,현대울산종금,KOSPI
015650,리젠트종금,KOSPI
015670,AP우주통신,KOSPI
015675,AP우주통신(1우B),KOSPI
015710,코콤,KOSDAQ
015750,성우하이텍,KOSDAQ
015760,한국전력,KOSPI
015860,일진홀딩스,KOSPI
015880,태화쇼핑,KOSPI
015890,태경산업,KOSPI
015940,LG데이콤,KOSPI
016040,디에스피,KOSDAQ
016090,대현,KOSPI
016100,리더스코스메틱,KOSDAQ
016140,웨스테이트,KOSDAQ
016160,오라바이오틱스,KOSPI
016167,오라바이오틱스2우B,KOSPI
016170,카카오M,KOSDAQ
016250,"SGC E&C",KOSDAQ
016360,삼성증권,KOSPI
016365,삼성증권(1우B),KOSPI
016367,삼성증권(2우B),KOSPI
016380,KG스틸,KOSPI
016385,KG스틸우,KOSPI
016420,NH농협증권,KOSPI
016450,한세예스24홀딩스,KOSPI
016510,현대DSF,KOSPI
016550,한별텔레콤,KOSPI
016555,"한별텔레콤(1우 )",KOSPI
016560,서울저축은행,KOSPI
016570,태평양제약,KOSPI
016575,태평양제우,KOSPI
016580,환인제약,KOSPI
016590,신대양제지,KOSPI
016600,큐캐피탈,KOSDAQ
016610,DB금융투자,KOSPI
016670,디모아,KOSDAQ
016710,대성홀딩스,KOSPI
016740,두올,KOSPI
016790,카나리아바이오,KOSDAQ
016800,퍼시스,KOSPI
016830,한미은행,KOSPI
01683C,한미은행(6우B),KOSPI
016880,웅진,KOSPI
016890,대웅바이오,KOSDAQ
016920,카스,KOSDAQ
016970,씨크롭,KOSPI
016975,"씨크롭(1우 )",KOSPI
016990,LG마이크론,KOSDAQ
017000,신원종합개발,KOSDAQ
017010,제너비오믹스,KOSDAQ
017040,광명전기,KOSPI
017050,스타맥스,KOSDAQ
017090,풍연,KOSDAQ
017120,바로크,KOSPI
017160,세븐코스프,KOSDAQ
017170,훈영,KOSPI
017180,명문제약,KOSPI
017210,코닉스,KOSDAQ
017250,인터엠,KOSDAQ
017300,에이치비이에너지,KOSPI
017320,태일정밀,KOSPI
017325,태일정밀(1우),KOSPI
017370,우신시스템,KOSPI
017390,서울가스,KOSPI
017480,삼현철강,KOSDAQ
017510,세명전기,KOSDAQ
017550,수산중공업,KOSPI
017555,수산중공우,KOSPI
017650,대림제지,KOSDAQ
017670,SK텔레콤,KOSPI
017680,데코앤이,KOSDAQ
017800,현대엘리베이,KOSPI
017810,풀무원홀딩스,KOSPI
017860,DS단석,KOSPI
017890,한국알콜,KOSDAQ
017900,광전자,KOSPI
017940,E1,KOSPI
017960,한국카본,KOSPI
018000,유니슨,KOSDAQ
018020,스타리스,KOSPI
018120,진로발효,KOSDAQ
018180,텔슨정보통신,KOSDAQ
018250,애경산업,KOSPI
018260,삼성에스디에스,KOSPI
018290,브이티,KOSDAQ
018310,삼목에스폼,KOSDAQ
018360,메디슨,KOSPI
018365,"메디슨(1우 )",KOSPI
018410,현대금속,KOSPI
018415,현대금속우,KOSPI
018417,현대금속2우B,KOSPI
018470,조일알미늄,KOSPI
018500,동원금속,KOSPI
018570,선진금속,KOSPI
018590,KNC,KOSPI
018620,우진비앤지,KOSDAQ
018670,SK가스,KOSPI
018680,서울제약,KOSDAQ
018700,바른손,KOSDAQ
018880,한온시스템,KOSPI
018890,모라리소스,KOSDAQ
019010,베뉴지,KOSDAQ
019120,경윤하이드로,KOSDAQ
019170,신풍제약,KOSPI
019175,신풍제약우,KOSPI
019180,티에이치엔,KOSPI
019210,와이지-원,KOSDAQ
019260,엔케이바이오,KOSDAQ
019300,태림페이퍼,KOSPI
019430,넥서스투자,KOSDAQ
019440,세아특수강,KOSPI
019490,하이트론,KOSPI
019540,일지테크,KOSDAQ
019550,SBI인베스트먼트,KOSDAQ
019560,한국파트너스,KOSDAQ
019570,플루토스,KOSDAQ
019590,엠벤처투자,KOSDAQ
019640,희훈디앤지,KOSDAQ
019660,글로본,KOSDAQ
019680,대교,KOSPI
019685,대교우B,KOSPI
019770,서연탑메탈,KOSDAQ
019930,기라정보통신,KOSPI
019990,에너토크,KOSDAQ
020000,한섬,KOSPI
020070,에버리소스,KOSDAQ
020075,에버리소스우,KOSDAQ
020120,키다리스튜디오,KOSPI
020150,롯데에너지머티리얼즈,KOSPI
020180,대신정보통신,KOSDAQ
020400,대동금속,KOSDAQ
020490,아이씨켐,KOSDAQ
020560,아시아나항공,KOSPI
020710,시공테크,KOSDAQ
020760,일진디스플,KOSPI
020860,리타워텍,KOSDAQ
020865,리타워텍우,KOSDAQ
021040,대호특수강,KOSDAQ
021045,대호특수강우,KOSDAQ
021050,서원,KOSPI
021060,한림창투,KOSDAQ
021080,에이티넘인베스트,KOSDAQ
021090,케미그라스,KOSDAQ
021240,코웨이,KOSPI
021320,KCC건설,KOSDAQ
021570,알루코,KOSDAQ
021650,한국큐빅,KOSDAQ
021740,세화기술투자,KOSDAQ
021820,세원정공,KOSPI
021880,메이슨캐피탈,KOSDAQ
021930,경남리스,KOSDAQ
021960,KB캐피탈,KOSPI
022100,포스코DX,KOSPI
022220,TKG애강,KOSDAQ
022520,코오롱아이넷,KOSPI
022610,한일,KOSDAQ
022780,옵셔널벤처스,KOSDAQ
022870,평화은행,KOSDAQ
022875,평화은행우선,KOSDAQ
023000,삼원강재,KOSPI
023020,동양매직,KOSDAQ
023130,국민은행,KOSPI
023135,국민은행(1우B),KOSPI
023150,MH에탄올,KOSPI
023160,태광,KOSDAQ
023350,한국종합기술,KOSPI
023410,유진기업,KOSDAQ
023420,유진종합개발,KOSDAQ
023430,아이이,KOSDAQ
023440,제이스코홀딩스,KOSDAQ
023450,동남합성,KOSPI
023460,CNH,KOSDAQ
023530,롯데쇼핑,KOSPI
023590,다우기술,KOSPI
023600,삼보판지,KOSDAQ
023670,알이엔,KOSDAQ
023760,한국캐피탈,KOSDAQ
023770,플레이위드,KOSDAQ
023780,신한캐피탈,KOSDAQ
023790,동일철강,KOSDAQ
023800,인지컨트롤스,KOSPI
023810,인팩,KOSPI
023890,한국아트라스비엑스,KOSDAQ
023900,풍국주정,KOSDAQ
023910,대한약품,KOSDAQ
023960,에쓰씨엔지니어링,KOSPI
024060,흥구석유,KOSDAQ
024070,WISCOM,KOSPI
024080,카리스소프트,KOSDAQ
024090,디씨엠,KOSPI
024100,제일저축은행,KOSPI
024110,기업은행,KOSPI
024120,KB오토시스,KOSDAQ
024660,하림홀딩스,KOSDAQ
024720,콜마홀딩스,KOSPI
024740,한일단조,KOSDAQ
024800,유성티엔에스,KOSDAQ
024810,이화전기,KOSDAQ
024830,세원물산,KOSDAQ
024840,KBI메탈,KOSDAQ
024850,HLB이노베이션,KOSDAQ
024870,유성티에스아이,KOSPI
024880,케이피에프,KOSDAQ
024890,대원화성,KOSPI
024900,덕양산업,KOSPI
024910,경창산업,KOSDAQ
024940,PN풍년,KOSDAQ
024950,삼천리자전거,KOSDAQ
024960,영남종금,KOSPI
025000,KPX케미칼,KOSPI
025080,외환리스,KOSDAQ
025270,부산방직,KOSDAQ
025320,시노펙스,KOSDAQ
025340,그린기술투자,KOSDAQ
025440,DH오토웨어,KOSDAQ
025450,한마음저축은,KOSDAQ
025460,팬텀엔터그룹,KOSDAQ
025530,SJM홀딩스,KOSPI
025540,한국단자,KOSPI
025550,한국선재,KOSDAQ
025560,미래산업,KOSPI
025610,한국저축은행,KOSPI
025620,제이준코스메틱,KOSPI
025690,동방라이텍,KOSDAQ
025750,한솔홈데코,KOSPI
025770,한국정보통신,KOSDAQ
025820,이구산업,KOSPI
025830,한국합섬,KOSPI
025840,레이디,KOSPI
025850,한화화인케미칼,KOSPI
025860,남해화학,KOSPI
025870,신라에스지,KOSDAQ
025880,케이씨피드,KOSDAQ
025890,한국주강,KOSPI
025900,동화홀딩스,KOSDAQ
025920,우경,KOSDAQ
025930,팬택,KOSPI
025950,동신건설,KOSDAQ
025970,알덱스,KOSDAQ
025980,아난티,KOSDAQ
026040,제이에스티나,KOSDAQ
026150,특수건설,KOSDAQ
026180,현대정보기술,KOSDAQ
026220,에스티씨라이프,KOSDAQ
026230,IDH,KOSDAQ
026250,삼우이엠씨,KOSDAQ
026260,위너지스,KOSDAQ
026540,제일창투,KOSDAQ
026870,코원에너지서비스,KOSPI
026890,스틱인베스트먼트,KOSPI
026910,광진실업,KOSDAQ
026940,부국철강,KOSPI
026960,동서,KOSPI
026970,대백저축은행,KOSDAQ
027040,서울전자통신,KOSDAQ
027050,코리아나,KOSDAQ
027350,텔슨전자,KOSDAQ
027360,아주IB투자,KOSDAQ
027390,한화갤러리아타임월드,KOSPI
027410,BGF,KOSPI
027440,코리아이앤디,KOSDAQ
027460,주택은행,KOSPI
027465,주택은행(1우B),KOSPI
027467,주택은행(2우B),KOSPI
027469,주택은행(3우B),KOSPI
027560,케이디엠,KOSDAQ
027580,상보,KOSDAQ
027700,대백쇼핑,KOSDAQ
027710,팜스토리,KOSDAQ
027740,마니커,KOSPI
027830,대성창투,KOSDAQ
027840,고덴시,KOSPI
027890,스탠더드텔레,KOSDAQ
027970,한국제지,KOSPI
028040,미래SCI,KOSDAQ
028050,삼성E&A,KOSPI
028080,휴맥스홀딩스,KOSDAQ
028090,네오퍼플,KOSDAQ
028100,동아지질,KOSPI
028150,GS홈쇼핑,KOSDAQ
028260,삼성물산,KOSPI
02826K,삼성물산우B,KOSPI
028300,HLB,KOSDAQ
028305,에이치엘비우,KOSDAQ
028670,팬오션,KOSPI
029460,케이씨,KOSPI
029480,광무,KOSDAQ
029530,신도리코,KOSPI
029780,삼성카드,KOSPI
029960,코엔텍,KOSDAQ
030000,제일기획,KOSPI
030030,중앙디자인,KOSDAQ
030190,NICE평가정보,KOSPI
030200,KT,KOSPI
030210,다올투자증권,KOSPI
030270,에스마크,KOSDAQ
030350,드래곤플라이,KOSDAQ
030390,쏠라엔텍,KOSDAQ
030420,디패션,KOSDAQ
030520,한글과컴퓨터,KOSDAQ
030530,원익홀딩스,KOSDAQ
030610,교보증권,KOSPI
030700,한통엠닷컴,KOSDAQ
030710,동아금고,KOSPI
030720,동원수산,KOSPI
030790,비케이탑스,KOSPI
030950,보진재,KOSDAQ
030960,양지사,KOSDAQ
030970,주은리스,KOSDAQ
031150,국민카드,KOSDAQ
031310,아이즈비전,KOSDAQ
031330,에스에이엠티,KOSDAQ
031390,녹십자셀,KOSDAQ
031430,신세계인터내셔날,KOSPI
031440,신세계푸드,KOSPI
031510,오스템,KOSDAQ
031800,ST&I,KOSDAQ
031820,콤텍시스템,KOSPI
031860,에스유홀딩스,KOSDAQ
031920,신민저축은행,KOSDAQ
031950,에듀패스,KOSDAQ
031960,동산진흥,KOSDAQ
031970,엠바이엔,KOSDAQ
031980,피에스케이홀딩스,KOSDAQ
031990,대선조선,KOSDAQ
032030,일공공일안경,KOSDAQ
032040,C&S자산관리,KOSDAQ
032050,후야인포넷,KOSDAQ
032080,아즈텍WB,KOSDAQ
032150,으뜸저축은행,KOSDAQ
032180,이수세라믹,KOSDAQ
032190,다우데이타,KOSDAQ
032280,삼일,KOSDAQ
032290,알티전자,KOSDAQ
032300,한국파마,KOSDAQ
032350,롯데관광개발,KOSPI
032380,핸디소프트,KOSDAQ
032390,KTF,KOSPI
032420,터보테크,KOSDAQ
032500,케이엠더블유,KOSDAQ
032540,TJ미디어,KOSDAQ
032560,황금에스티,KOSPI
032570,카라반케이디이,KOSDAQ
032580,피델릭스,KOSDAQ
032590,엔토리노,KOSDAQ
032600,애드모바일,KOSDAQ
032610,에스오케이,KOSDAQ
032620,유비케어,KOSDAQ
032640,LG유플러스,KOSPI
032680,소프트센,KOSDAQ
032685,소프트센우,KOSDAQ
032710,LG카드,KOSPI
032750,삼진,KOSDAQ
032780,테라,KOSDAQ
032790,엠젠솔루션,KOSDAQ
032800,판타지오,KOSDAQ
032820,우리기술,KOSDAQ
032830,삼성생명,KOSPI
032850,비트컴퓨터,KOSDAQ
032860,더라미,KOSDAQ
032930,에이스앤파트너스,KOSDAQ
032940,원익,KOSDAQ
032960,동일기연,KOSDAQ
032980,바이온,KOSDAQ
033020,세아메탈,KOSDAQ
033030,지오엠씨,KOSDAQ
033040,세림아이텍,KOSDAQ
033050,제이엠아이,KOSDAQ
033070,삼한콘트롤스,KOSDAQ
033075,삼한콘트롤스우,KOSDAQ
033100,제룡전기,KOSDAQ
033110,코너스톤네트웍스,KOSDAQ
033130,디지틀조선,KOSDAQ
033160,엠케이전자,KOSDAQ
033170,시그네틱스,KOSDAQ
033180,"KH 필룩스",KOSPI
033190,폴켐,KOSDAQ
033200,모아텍,KOSDAQ
033210,삼화기연,KOSDAQ
033220,남성알미늄,KOSDAQ
033230,인성정보,KOSDAQ
033240,자화전자,KOSPI
033250,체시스,KOSPI
033260,쌈지,KOSDAQ
033270,유나이티드제약,KOSPI
033280,어울림엘시스,KOSDAQ
033290,코웰패션,KOSDAQ
033300,보성인터,KOSDAQ
033310,엠투엔,KOSDAQ
033320,제이씨현시스템,KOSDAQ
033330,두림티앤씨,KOSDAQ
033340,좋은사람들,KOSDAQ
033430,디에스티,KOSDAQ
033500,동성화인텍,KOSDAQ
033530,에스제이지세종,KOSPI
033540,파라텍,KOSDAQ
033550,룩손에너지,KOSDAQ
033560,블루콤,KOSDAQ
033600,럭슬,KOSDAQ
033630,SK브로드밴드,KOSDAQ
033640,네패스,KOSDAQ
033660,우리금융캐피탈,KOSPI
033720,블루스톤,KOSDAQ
033725,블루스톤우,KOSDAQ
033780,KT&G,KOSPI
033790,스카이문스테크놀로지,KOSDAQ
033830,티비씨,KOSDAQ
033850,지노시스템,KOSDAQ
033855,지노시스템우,KOSDAQ
033880,블루멈,KOSDAQ
033885,블루멈우,KOSDAQ
033920,무학,KOSPI
034010,트라이써클,KOSDAQ
034020,두산에너빌리티,KOSPI
034120,SBS,KOSPI
034190,코스파이더,KOSPI
034220,LG디스플레이,KOSPI
034230,파라다이스,KOSPI
034300,신세계건설,KOSPI
034310,NICE,KOSPI
034510,무한투자,KOSDAQ
034590,인천도시가스,KOSPI
034600,글로웍스,KOSDAQ
034660,제넥셀,KOSDAQ
034730,SK,KOSPI
03473K,SK우,KOSPI
034750,디씨씨,KOSDAQ
034810,해성산업,KOSDAQ
03481K,해성산업1우,KOSDAQ
034830,한국토지신탁,KOSPI
034940,조아제약,KOSDAQ
034950,한국기업평가,KOSDAQ
034970,올에버,KOSDAQ
034980,이론테크,KOSDAQ
035000,HS애드,KOSPI
035010,소예,KOSDAQ
035030,파이오니어MF,KOSDAQ
035080,그래디언트,KOSDAQ
035150,백산,KOSPI
035200,프럼파스트,KOSDAQ
035210,티브로드도봉강북방송,KOSDAQ
035250,강원랜드,KOSPI
035270,청람디지탈,KOSDAQ
035290,골드앤에스,KOSDAQ
035400,브이에스에스티,KOSDAQ
035405,브이에스에스티우,KOSDAQ
035420,NAVER,KOSPI
035430,드림라인,KOSDAQ
035450,지아이바이오,KOSDAQ
035460,기산텔레콤,KOSDAQ
035480,제이테크놀로지,KOSDAQ
035500,써니트렌드,KOSDAQ
035510,"신세계 I&C",KOSPI
035600,KG이니시스,KOSDAQ
035610,솔본,KOSDAQ
035620,바른손이앤에이,KOSDAQ
035710,CL,KOSDAQ
035720,카카오,KOSPI
035760,"CJ ENM","KOSDAQ GLOBAL"
035780,그로웰텔레콤,KOSDAQ
035810,이지홀딩스,KOSDAQ
035830,메카포럼,KOSDAQ
035870,호성,KOSDAQ
035890,서희건설,KOSDAQ
035900,"JYP Ent.","KOSDAQ GLOBAL"
035910,현대멀티캡,KOSDAQ
035915,현대멀티캡우,KOSDAQ
035917,현대멀티캡2우,KOSDAQ
035919,현대멀티캡3우,KOSDAQ
035930,에스이아이채MF,KOSDAQ
035950,케이알,KOSDAQ
035960,바이오시스,KOSDAQ
036000,예림당,KOSDAQ
036010,아비코전자,KOSDAQ
036020,한아시스템,KOSDAQ
036030,케이티알파,KOSDAQ
036060,한강기금,KOSPI
036090,위지트,KOSDAQ
036120,SCI평가정보,KOSDAQ
036170,클라우드에어,KOSDAQ
036180,지더블유바이텍,KOSDAQ
036190,금화피에스시,KOSDAQ
036200,유니셈,KOSDAQ
036210,태산엘시디,KOSDAQ
036220,오상헬스케어,KOSDAQ
036260,이매진아시아,KOSDAQ
036270,헤쎄나,KOSDAQ
036280,뉴켐진스템셀,KOSDAQ
036360,3SOFT,KOSDAQ
036420,콘텐트리중앙,KOSPI
036460,한국가스공사,KOSPI
036480,대성미생물,KOSDAQ
036490,SK머티리얼즈,KOSDAQ
036500,에스에스컴텍,KOSDAQ
036530,SNT홀딩스,KOSPI
036540,SFA반도체,KOSDAQ
036550,에이스디지텍,KOSDAQ
036560,영풍정밀,KOSDAQ
036570,엔씨소프트,KOSPI
036580,팜스코,KOSPI
036585,팜스코우B,KOSPI
036590,케이엔티,KOSDAQ
036600,지니웍스,KOSDAQ
036610,지디코프,KOSDAQ
036620,감성코퍼레이션,KOSDAQ
036630,세종텔레콤,KOSDAQ
036640,HRS,KOSDAQ
036660,플러스프로핏,KOSDAQ
036670,KCI,KOSDAQ
036690,코맥스,KOSDAQ
036710,심텍홀딩스,KOSDAQ
036720,한빛네트,KOSDAQ
036760,KNS홀딩스,KOSDAQ
036790,자강,KOSDAQ
036800,나이스정보통신,KOSDAQ
036810,에프에스티,KOSDAQ
036820,BET,KOSDAQ
036825,BET우,KOSDAQ
036830,솔브레인홀딩스,"KOSDAQ GLOBAL"
036840,히스토스템,KOSDAQ
036850,나리지*온,KOSDAQ
036880,맥시스템,KOSDAQ
036890,진성티이씨,KOSDAQ
036900,택산아이엔씨,KOSDAQ
036910,세원텔레콤,KOSDAQ
036920,지앤에스티,KOSDAQ
036930,주성엔지니어링,"KOSDAQ GLOBAL"
037010,넷컴스토리지,KOSDAQ
037020,한와이어리스,KOSDAQ
037030,파워넷,KOSDAQ
037060,시큐어소프트,KOSDAQ
037070,파세코,KOSDAQ
037110,JS,KOSDAQ
037120,한신코퍼,KOSDAQ
037150,CJ인터넷,KOSDAQ
037200,다산씨앤아이,KOSDAQ
037220,넥스텔,KOSDAQ
037230,한국팩키지,KOSDAQ
037240,평안물산,KOSDAQ
037250,대흥멀티통신,KOSDAQ
037270,"YG PLUS",KOSPI
037280,시스컴,KOSDAQ
037320,시노펙스그린테크,KOSDAQ
037330,인지디스플레,KOSDAQ
037340,씨엘인터내셔널,KOSDAQ
037350,성도이엔지,KOSDAQ
037370,EG,KOSDAQ
037380,에이원마이크로,KOSDAQ
037400,우리엔터프라이즈,KOSDAQ
037410,코리아링크,KOSDAQ
037440,희림,KOSDAQ
037460,삼지전자,KOSDAQ
037500,굿라이프5MF,KOSDAQ
037510,굿라이프10-MF,KOSDAQ
037540,네스테크,KOSDAQ
037550,클라스타,KOSDAQ
037560,LG헬로비전,KOSPI
037600,씨모스,KOSDAQ
037620,미래에셋증권,KOSPI
037630,에스비엠,KOSDAQ
037640,대경테크노스,KOSDAQ
037650,성진산업,KOSDAQ
037700,토자이홀딩스,KOSDAQ
037710,광주신세계,KOSPI
037730,3R,KOSDAQ
037740,디지텔,KOSDAQ
037750,엔써,KOSDAQ
037760,쎄니트,KOSDAQ
037830,글로포스트,KOSDAQ
037950,엘컴텍,KOSDAQ
038010,제일테크노스,KOSDAQ
038050,"트래픽 ITS",KOSDAQ
038060,루멘스,KOSDAQ
038070,서린바이오,KOSDAQ
038100,아이엠아이티,KOSDAQ
038110,에코플라스틱,KOSDAQ
038120,AD모터스,KOSDAQ
038160,팍스넷,KOSDAQ
038280,벤처코스닥MF,KOSDAQ
038290,마크로젠,KOSDAQ
038320,어울림정보,KOSDAQ
038340,MIT,KOSDAQ
038370,KTB벤처1MF,KOSDAQ
038380,KTB자산배분2,KOSDAQ
038390,레드캡투어,KOSDAQ
038400,외환카드,KOSPI
038410,트라이콤,KOSDAQ
038420,씨엔씨엔터,KOSDAQ
038460,바이오스마트,KOSDAQ
038480,박현주6호,KOSDAQ
038500,삼표시멘트,KOSDAQ
038520,화인썬트로닉,KOSDAQ
038530,케이바이오,KOSDAQ
038540,상상인,KOSDAQ
038580,미래하이1호,KOSDAQ
038620,위즈코프,KOSDAQ
038680,에스넷,KOSDAQ
038690,에이스일렉,KOSDAQ
038710,BRN사이언스,KOSDAQ
038720,유일엔시스,KOSDAQ
038760,KTB전환형41,KOSDAQ
038770,글로벌하이1,KOSDAQ
038810,포이보스,KOSDAQ
038830,케이엠에스,KOSDAQ
038870,에코바이오,KOSDAQ
038880,아이에이,KOSDAQ
038920,지이엔에프,KOSDAQ
038940,박현주7성장,KOSDAQ
038950,파인디지털,KOSDAQ
038960,현주컴퓨터,KOSDAQ
038980,이지클럽,KOSDAQ
038990,넥스콘테크,KOSDAQ
039000,써미트,KOSDAQ
039010,현대에이치티,KOSDAQ
039020,이건홀딩스,KOSDAQ
039030,이오테크닉스,"KOSDAQ GLOBAL"
039040,유니텍전자,KOSDAQ
039050,마이다스테2,KOSDAQ
039060,아이비진,KOSDAQ
039110,에스피컴텍,KOSDAQ
039130,하나투어,KOSPI
039160,월드그랜드2,KOSDAQ
039170,징기스칸1호,KOSDAQ
039180,동원장보고2,KOSDAQ
039200,오스코텍,KOSDAQ
039210,미래하이2호,KOSDAQ
039220,미래아이티1,KOSDAQ
039230,에이아이비트,KOSDAQ
039240,경남스틸,KOSDAQ
039270,리젠트빅히트,KOSDAQ
039280,유리앙상블,KOSDAQ
039290,인포뱅크,KOSDAQ
039310,세중,KOSDAQ
039340,한국경제TV,KOSDAQ
039350,헤파호프,KOSDAQ
039370,KTB벤처2MF,KOSDAQ
039380,옵티멈전환2,KOSDAQ
039390,윌텍정보통신,KOSDAQ
039420,케이엘넷,KOSDAQ
039440,에스티아이,KOSDAQ
039490,키움증권,KOSPI
039500,마인,KOSDAQ
039520,플래티넘이천,KOSDAQ
039530,씨앤케이인터,KOSDAQ
039540,마이다스페셜,KOSDAQ
039560,다산네트웍스,KOSDAQ
039570,HDC랩스,KOSPI
039580,피코소프트,KOSDAQ
039610,화성밸브,KOSDAQ
039670,한류타임즈,KOSDAQ
039720,CJ프론티어,KOSDAQ
039740,한국정보공학,KOSDAQ
039790,위노바,KOSDAQ
039830,오로라,KOSDAQ
039840,디오,KOSDAQ
039850,태창파로스,KOSDAQ
039860,나노엔텍,KOSDAQ
039870,피케이엘,KOSDAQ
039920,마이다스하전,KOSDAQ
039980,폴라리스AI,KOSDAQ
039990,코아정보,KOSDAQ
040020,사라콤,KOSDAQ
040130,엔플렉스,KOSDAQ
040160,누리플렉스,KOSDAQ
040180,대양글로벌,KOSDAQ
040260,미래아이티2,KOSDAQ
040270,미래하이3,KOSDAQ
040300,YTN,KOSDAQ
040350,크레오에스지,KOSDAQ
040380,한가족주식,KOSDAQ
040420,정상제이엘에스,KOSDAQ
040520,마이다스테3,KOSDAQ
040610,SG&G,KOSDAQ
040670,와이즈파워,KOSDAQ
040740,아인스M&M,KOSDAQ
040750,벨로체피아노,KOSDAQ
040780,유니씨앤티,KOSDAQ
040785,유니씨앤티우,KOSDAQ
040860,마이다스코코,KOSDAQ
040910,아이씨디,KOSDAQ
040940,미래아이티3,KOSDAQ
040950,미래하이4,KOSDAQ
041020,폴라리스오피스,KOSDAQ
041030,이루넷,KOSDAQ
041060,아라온테크,KOSDAQ
041140,넥슨지티,KOSDAQ
041190,우리기술투자,KOSDAQ
041310,모빌링크,KOSDAQ
041320,보홍,KOSDAQ
041440,현대에버다임,KOSDAQ
041450,인네트,KOSDAQ
041460,한국전자인증,KOSDAQ
041500,대한바이오,KOSDAQ
041510,에스엠,KOSDAQ
041520,이엘씨,KOSDAQ
041550,쎄라텍,KOSDAQ
041590,플래스크,KOSDAQ
041630,인젠,KOSDAQ
041650,상신브레이크,KOSPI
041800,코디콤,KOSDAQ
041830,인바디,KOSDAQ
041910,폴라리스AI파마,KOSDAQ
041920,메디아나,KOSDAQ
041930,동아화성,KOSDAQ
041940,한텔,KOSDAQ
041960,코미팜,KOSDAQ
042000,카페24,KOSDAQ
042040,케이피엠테크,KOSDAQ
042100,현대오토넷,KOSPI
042110,에스씨디,KOSDAQ
042300,KTB드림1,KOSDAQ
042310,KTB코스닥1,KOSDAQ
042340,대국,KOSDAQ
042370,비츠로테크,KOSDAQ
042420,네오위즈홀딩스,KOSDAQ
042460,실크성장1호,KOSDAQ
042470,심스밸리,KOSDAQ
042500,링네트,KOSDAQ
042510,라온시큐어,KOSDAQ
042520,한스바이오메드,KOSDAQ
042570,퓨쳐비젼,KOSDAQ
042600,새로닉스,KOSDAQ
042660,한화오션,KOSPI
042665,대우조선(1우B),KOSPI
042670,HD현대인프라코어,KOSPI
042675,대우종합기계(1우B),KOSPI
042700,한미반도체,KOSPI
042820,"어울림 네트",KOSDAQ
042870,에코페트로시스템,KOSDAQ
042940,상지건설,KOSDAQ
042945,르네코우,KOSDAQ
042950,미래코리아1MF,KOSDAQ
042960,창민테크,KOSDAQ
043040,마이다스30,KOSDAQ
043090,더테크놀로지,KOSDAQ
043100,솔고바이오,KOSDAQ
043150,바텍,KOSDAQ
043200,파루,KOSDAQ
043220,티에스넥스젠,KOSDAQ
043260,성호전자,KOSDAQ
043290,케이맥,KOSDAQ
043340,에쎈테크,KOSDAQ
043350,리젠트코스,KOSDAQ
043360,디지아이,KOSDAQ
043370,피에이치에이,KOSDAQ
043380,플래티넘성1,KOSDAQ
043400,실크성장2호,KOSDAQ
043580,에임하이,KOSDAQ
043590,웰킵스하이텍,KOSDAQ
043610,지니뮤직,KOSDAQ
043630,지앤알,KOSDAQ
043650,국순당,KOSDAQ
043680,스톰이앤에프,KOSDAQ
043690,테크메이트,KOSDAQ
043700,바이킹성장일,KOSDAQ
043710,서울리거,KOSDAQ
043790,옥션,KOSDAQ
043890,한빛방송,KOSDAQ
043910,자연과환경,KOSDAQ
044060,조광ILI,KOSDAQ
044070,한서제약,KOSDAQ
044180,KD,KOSDAQ
044240,세이우량채권,KOSDAQ
044340,위닉스,KOSDAQ
044370,조이토토,KOSDAQ
044380,주연테크,KOSPI
044400,KTB전환32,KOSDAQ
044410,미래알바1,KOSDAQ
044440,솔빛미디어,KOSDAQ
044450,KSS해운,KOSPI
044480,빌리언스,KOSDAQ
044490,태웅,KOSDAQ
044570,한빛전자통신,KOSDAQ
044640,동부CNI,KOSDAQ
044740,플래티넘성2MF,KOSDAQ
044750,다임채권형일,KOSDAQ
044770,에이엠에스,KOSDAQ
044775,에이엠에스우,KOSDAQ
044780,에이치케이,KOSDAQ
044820,코스맥스비티아이,KOSPI
044890,미래한아름1MF,KOSDAQ
044960,이글벳,KOSDAQ
044990,에이치엔에스하이텍,KONEX
045050,큐리어스,KOSDAQ
045060,오공,KOSDAQ
045070,파이오니어2MF,KOSDAQ
045080,그린에셋일호-MF,KOSDAQ
045090,옵티멈성장1,KOSDAQ
045100,한양이엔지,KOSDAQ
045240,뉴씨앤씨,KOSDAQ
045260,디에이치패션,KOSDAQ
045280,마이다스페안MF,KOSDAQ
045290,포네이처,KOSDAQ
045300,성우테크론,KOSDAQ
045310,이레전자산업,KOSDAQ
045340,토탈소프트,KOSDAQ
045380,더존디지털,KOSDAQ
045390,대아티아이,KOSDAQ
045400,이롬텍,KOSDAQ
045470,에이프로테크놀로지,KOSDAQ
045510,정원엔시스,KOSDAQ
045520,크린앤사이언스,KOSDAQ
045550,유리프론티어MF,KOSDAQ
045660,에이텍,KOSDAQ
045710,온미디어,KOSPI
045760,한통데이타,KOSDAQ
045790,세이채권혼합MF,KOSDAQ
045800,KTB더블채권1MF,KOSDAQ
045820,LG파워콤,KOSPI
045860,실크성장삼호MF,KOSDAQ
045870,크린3호MF,KOSDAQ
045880,유티엑스,KOSDAQ
045890,GV,KOSDAQ
045920,화림모드,KOSDAQ
045925,화림모드우,KOSDAQ
045970,코아시아,KOSDAQ
046000,모디아,KOSDAQ
046070,코다코,KOSDAQ
046110,한일네트웍스,KOSDAQ
046120,오르비텍,KOSDAQ
046140,SBS콘텐츠허브,KOSDAQ
046210,HLB파나진,KOSDAQ
046240,에스브이에이치,KOSDAQ
046310,백금T&A,KOSDAQ
046320,MTRON,KOSDAQ
046350,에듀아크,KOSDAQ
046390,삼화네트웍스,KOSDAQ
046400,디브이에스,KOSDAQ
046430,알에스넷,KOSDAQ
046440,KG모빌리언스,KOSDAQ
046520,유리뉴앙상블MF,KOSDAQ
046720,엔하이테크,KOSDAQ
046810,KEPS,KOSDAQ
046820,미래한아름2MF,KOSDAQ
046840,자유투어,KOSDAQ
046890,서울반도체,"KOSDAQ GLOBAL"
046930,타임,KOSDAQ
046940,우원개발,KOSDAQ
046970,우리로,KOSDAQ
047040,대우건설,KOSPI
047050,포스코인터내셔널,KOSPI
047060,덴소풍성,KOSDAQ
047080,한빛소프트,KOSDAQ
047310,파워로직스,KOSDAQ
047370,에프아이투어,KOSDAQ
047400,유니온머티리얼,KOSPI
047420,레이더스컴퍼니,KOSDAQ
047440,레이젠,KOSDAQ
047450,이앤텍,KOSDAQ
047560,이스트소프트,KOSDAQ
047600,세계투어,KOSDAQ
047610,월드텔레콤,KOSDAQ
047710,액티투오,KOSDAQ
047730,넷웨이브,KOSDAQ
047770,코데즈컴바인,KOSDAQ
047810,한국항공우주,KOSPI
047820,초록뱀미디어,KOSDAQ
047890,미래주식1MF,KOSDAQ
047920,HLB제약,KOSDAQ
047940,비엔디,KOSDAQ
048130,에스피코프,KOSDAQ
048140,태광이엔시,KOSDAQ
048150,모닷텔,KOSDAQ
048260,오스템임플란트,KOSDAQ
048270,포넷,KOSDAQ
048410,현대바이오,KOSDAQ
048430,유라테크,KOSDAQ
048460,엑큐리스,KOSDAQ
048470,대동스틸,KOSDAQ
048510,테스텍,KOSDAQ
048530,인트론바이오,KOSDAQ
048540,하이콤,KOSDAQ
048550,"SM C&C",KOSDAQ
048640,엠엔에프씨,KOSDAQ
048660,마이다스차익MF,KOSDAQ
048760,VK,KOSDAQ
048770,TPC,KOSDAQ
048830,엔피케이,KOSDAQ
048870,시너지이노베이션,KOSDAQ
048910,대원미디어,KOSDAQ
049000,예당,KOSDAQ
049070,인탑스,"KOSDAQ GLOBAL"
049080,기가레인,KOSDAQ
049120,파인디앤씨,KOSDAQ
049130,하우리,KOSDAQ
049180,셀루메드,KOSDAQ
049370,CJ엔터테인,KOSDAQ
049430,코메론,KOSDAQ
049470,SGA,KOSDAQ
049480,오픈베이스,KOSDAQ
049520,유아이엘,KOSDAQ
049550,잉크테크,KOSDAQ
049630,재영솔루텍,KOSDAQ
049690,포휴먼,KOSDAQ
049720,고려신용정보,KOSDAQ
049770,동원F&B,KOSPI
049790,소프트윈,KOSDAQ
049800,우진플라임,KOSPI
049830,승일,KOSDAQ
049850,크린4호MF,KOSDAQ
049950,미래컴퍼니,KOSDAQ
049960,쎌바이오텍,KOSDAQ
049990,세이플러스MF,KOSDAQ
050050,유아이에너지,KOSDAQ
050090,비케이홀딩스,KOSDAQ
050110,캠시스,KOSDAQ
050120,ES큐브,KOSDAQ
050320,에스에이치엔엘,KOSDAQ
050350,다임알짜1호MF,KOSDAQ
050470,CT&T,KOSDAQ
050540,엠피씨플러스,KOSDAQ
050600,세라온,KOSDAQ
050640,이룸지엔지,KOSDAQ
050760,에스폴리텍,KOSDAQ
050860,아세아텍,KOSDAQ
050890,쏠리드,KOSDAQ
050960,수산아이앤티,KOSDAQ
051070,세이우량채2MF,KOSDAQ
051160,디지털오션,KOSDAQ
051170,썬코어,KOSDAQ
051310,포스코플랜텍,KOSPI
051360,토비스,KOSDAQ
051370,인터플렉스,KOSDAQ
051380,피씨디렉트,KOSDAQ
051390,YW,KOSDAQ
051490,나라엠앤디,KOSDAQ
051500,CJ프레시웨이,KOSDAQ
051530,굿이엠지,KOSDAQ
051600,한전KPS,KOSPI
051630,진양화학,KOSPI
051710,디에스,KOSDAQ
051780,큐로홀딩스,KOSDAQ
051810,모보,KOSDAQ
051820,아이피에스,KOSDAQ
051900,LG생활건강,KOSPI
051905,LG생활건강우,KOSPI
051910,LG화학,KOSPI
051915,LG화학우,KOSPI
051960,다임알짜2호MF,KOSDAQ
051980,중앙첨단소재,KOSDAQ
051990,유리크레디트MF,KOSDAQ
052020,에스티큐브,KOSDAQ
052190,세영디앤씨,KOSDAQ
052210,엠씨티티코어,KOSDAQ
052220,iMBC,KOSDAQ
052260,현대바이오랜드,KOSDAQ
052270,우전,KOSDAQ
052290,트레이스,KOSDAQ
052300,씨티프라퍼티,KOSDAQ
052310,H1바이오,KOSDAQ
052330,코텍,KOSDAQ
052350,코아에스앤아이,KOSDAQ
052400,코나아이,KOSDAQ
052420,오성첨단소재,KOSDAQ
052460,아이크래프트,KOSDAQ
052510,에코솔루션,KOSDAQ
052520,세이에이스MF,KOSDAQ
052530,유리세이프MF,KOSDAQ
052540,미래셀렉티브MF,KOSDAQ
052560,삼성수산,KOSDAQ
052600,한네트,KOSDAQ
052640,제네시스,KOSDAQ
052650,이디디컴퍼니,KOSDAQ
052670,제일바이오,KOSDAQ
052690,한전기술,KOSPI
052710,아모텍,KOSDAQ
052770,아이톡시,KOSDAQ
052790,액토즈소프트,KOSDAQ
052810,아시아미디어홀딩스,KOSDAQ
052860,아이앤씨,KOSDAQ
052880,큐앤에스,KOSDAQ
052900,KX하이텍,KOSDAQ
052960,태양3C,KONEX
052970,올리브나인,KOSDAQ
053000,우리금융,KOSPI
053030,바이넥스,KOSDAQ
053040,블루젬디앤씨,KOSDAQ
053050,지에스이,KOSDAQ
053060,세동,KOSDAQ
053070,트리니티,KOSDAQ
053080,케이엔솔,KOSDAQ
053110,소리바다,KOSDAQ
053160,프리엠스,KOSDAQ
053170,코스모스피엘씨,KOSDAQ
053200,디이시스,KOSDAQ
053210,스카이라이프,KOSPI
053250,엔에스아이,KOSDAQ
053260,금강철강,KOSDAQ
053270,구영테크,KOSDAQ
053280,예스24,KOSDAQ
053290,NE능률,KOSDAQ
053300,한국정보인증,KOSDAQ
053320,테라리소스,KOSDAQ
053330,영진코퍼레이션,KOSDAQ
053350,이니텍,KOSDAQ
053440,성우몰드,KOSDAQ
053450,세코닉스,KOSDAQ
053470,오페스,KOSDAQ
053530,마이다스차2MF,KOSDAQ
053580,웹케시,KOSDAQ
053590,한국테크놀로지,KOSDAQ
053595,한국테크놀로지우,KOSDAQ
053610,프로텍,KOSDAQ
053620,태양,KOSDAQ
053660,현진소재,KOSDAQ
053690,한미글로벌,KOSPI
053700,삼보모터스,KOSDAQ
053740,국제엘렉트릭,KOSDAQ
053800,안랩,KOSDAQ
053810,아이팩토리,KOSDAQ
053870,GT&T,KOSDAQ
053890,미디어코프,KOSDAQ
053950,경남제약,KOSDAQ
053960,어플라이드,KOSDAQ
053980,오상자이엘,KOSDAQ
054010,선팩테크,KOSDAQ
054020,GK파워,KOSDAQ
054040,한국컴퓨터,KOSDAQ
054050,농우바이오,KOSDAQ
054080,우주통신,KOSDAQ
054090,삼진엘앤디,KOSDAQ
054120,더체인지,KOSDAQ
054150,뉴젠아이씨티,KOSDAQ
054170,엔빅스,KOSDAQ
054180,메디콕스,KOSDAQ
054210,이랜텍,KOSDAQ
054220,비츠로시스,KOSDAQ
054250,예일바이오텍,KOSDAQ
054300,팬스타엔터프라이즈,KOSDAQ
054340,엔알케이,KOSDAQ
054370,업필,KOSDAQ
054410,케이피티유,KOSDAQ
054440,엠텍반도체,KOSDAQ
054450,텔레칩스,KOSDAQ
054530,신한SIT,KOSDAQ
054540,삼영엠텍,KOSDAQ
054620,APS,KOSDAQ
054630,에이디칩스,KOSDAQ
054650,뉴젠비아이티,KOSDAQ
054670,대한뉴팜,KOSDAQ
054780,키이스트,KOSDAQ
054790,제이엠피,KOSDAQ
054800,아이디스홀딩스,KOSDAQ
054920,한컴위드,KOSDAQ
054930,유신,KOSDAQ
054940,엑사이엔씨,KOSDAQ
054950,제이브이엠,KOSDAQ
055000,동서정보기술,KOSDAQ
055250,다휘,KOSDAQ
055490,테이팩스,KOSPI
055550,신한지주,KOSPI
055810,KTC텔레콤,KOSDAQ
055970,에너윈,KOSDAQ
056000,코원플레이,KOSDAQ
056010,아이스테이션,KOSDAQ
056020,쿨투,KOSDAQ
056060,세니콘,KOSDAQ
056080,유진로봇,KOSDAQ
056090,이노시스,KOSDAQ
056140,리더컴,KOSDAQ
056190,에스에프에이,"KOSDAQ GLOBAL"
056200,엠넷미디어,KOSDAQ
056340,CU전자,KOSDAQ
056360,코위버,KOSDAQ
056500,슈마일렉트론,KOSDAQ
056700,신화인터텍,KOSDAQ
056710,미리넷,KOSDAQ
056730,CNT85,KOSDAQ
056810,위다스,KOSDAQ
056850,코어비트,KOSDAQ
057030,YBM넷,KOSDAQ
057050,현대홈쇼핑,KOSPI
057100,하이스마텍,KOSDAQ
057110,아이티센,KOSDAQ
057330,플래닛82,KOSDAQ
057500,"SKC 솔믹스",KOSDAQ
057540,옴니시스템,KOSDAQ
057680,티사이언티픽,KOSDAQ
057880,푸른소나무,KOSDAQ
058110,멕아이씨에스,KOSDAQ
058220,아리온,KOSDAQ
058370,비엔씨컴퍼니,KOSDAQ
058400,KNN,KOSDAQ
058420,제이웨이,KOSDAQ
058430,포스코스틸리온,KOSPI
058450,한주에이알티,KOSDAQ
058470,리노공업,"KOSDAQ GLOBAL"
058480,해원에스티,KOSDAQ
058530,파나케이아,KOSDAQ
058550,네오리소스,KOSDAQ
058610,에스피지,KOSDAQ
058630,엠게임,KOSDAQ
058650,세아홀딩스,KOSPI
058680,오브제,KOSDAQ
058690,퓨쳐인포넷,KOSDAQ
058730,다스코,KOSPI
058820,CMG제약,KOSDAQ
058850,KTcs,KOSPI
058860,KTis,KOSPI
058900,투미비티,KOSDAQ
058910,유리롱숏채권-MF,KOSDAQ
058970,엠로,KOSDAQ
059090,미코,KOSDAQ
059100,아이컴포넌트,KOSDAQ
059120,아진엑스텍,KOSDAQ
059210,메타바이오메드,KOSDAQ
059270,해성에어로보틱스,KOSDAQ
059720,야호,KOSDAQ
060000,국민은행,KOSPI
060150,인선이엔티,KOSDAQ
060230,소니드,KOSDAQ
060240,스타코링크,KOSDAQ
060250,"NHN KCP","KOSDAQ GLOBAL"
060260,뉴보텍,KOSDAQ
060280,큐렉소,KOSDAQ
060300,레드로버,KOSDAQ
060310,3S,KOSDAQ
060370,LS마린솔루션,KOSDAQ
060380,동양에스텍,KOSDAQ
060410,베스트플로우,KOSDAQ
060480,국일신동,KOSDAQ
060540,에스에이티,KOSDAQ
060550,우수씨엔에스,KOSDAQ
060560,홈센타홀딩스,KOSDAQ
060570,드림어스컴퍼니,KOSDAQ
060580,마이차익안정-MF,KOSDAQ
060590,씨티씨바이오,KOSDAQ
060660,한도하이테크,KOSDAQ
060670,유퍼트,KOSDAQ
060720,KH바텍,KOSDAQ
060750,제이콤,KOSDAQ
060840,태영텔스타,KOSDAQ
060850,영림원소프트랩,KOSDAQ
060900,DGP,KOSDAQ
060910,프리젠,KOSDAQ
060980,HL홀딩스,KOSPI
061040,알에프텍,KOSDAQ
061050,지앤디윈텍,KOSDAQ
061140,엘앤피아너스,KOSDAQ
061250,화일약품,KOSDAQ
061460,한진피앤씨,KOSDAQ
061970,LB세미콘,KOSDAQ
062580,인산가,KONEX
062730,케너텍,KOSDAQ
062860,티엘아이,KOSDAQ
062970,피피아이,KOSDAQ
063080,컴투스홀딩스,KOSDAQ
063160,종근당바이오,KOSPI
063170,서울옥션,KOSDAQ
063280,사이버패스,KOSDAQ
063350,팬택앤큐리텔,KOSPI
063440,"SM Life Design",KOSDAQ
063510,코오롱인터,KOSPI
063515,코오롱인터(1우),KOSPI
063570,한국전자금융,KOSDAQ
063680,미래프리미어MF,KOSDAQ
063760,이엘피,KOSDAQ
063840,닉스테크,KONEX
064060,사이노젠,KOSDAQ
064090,웨스트라이즈,KOSDAQ
064240,홈캐스트,KOSDAQ
064260,다날,KOSDAQ
064290,인텍플러스,KOSDAQ
064350,현대로템,KOSPI
064420,케이피케미칼,KOSPI
064480,브리지텍,KOSDAQ
064510,유네코,KOSDAQ
064520,테크엘,KOSDAQ
064550,바이오니아,KOSDAQ
064720,모델라인,KOSDAQ
064760,티씨케이,"KOSDAQ GLOBAL"
064800,포니링크,KOSDAQ
064820,소셜미디어99,KOSDAQ
064850,에프앤가이드,KOSDAQ
064900,교보메리츠,KOSPI
064910,글로벌채권-MF,KOSDAQ
064960,SNT모티브,KOSPI
065060,지엔코,KOSDAQ
065130,탑엔지니어링,KOSDAQ
065150,대산F&B,KOSDAQ
065160,에프티이앤이,KOSDAQ
065170,비엘팜텍,KOSDAQ
065180,해피드림,KOSDAQ
065270,플렉스컴,KOSDAQ
065310,디테크놀로지,KOSDAQ
065340,쓰리디월드,KOSDAQ
065350,신성델타테크,KOSDAQ
065370,위세아이텍,KOSDAQ
065410,지엔텍홀딩스,KOSDAQ
065420,에스아이리소스,KOSDAQ
065440,이루온,KOSDAQ
065450,빅텍,KOSDAQ
065500,오리엔트정공,KOSDAQ
065510,휴비츠,KOSDAQ
065530,와이어블,KOSDAQ
065560,녹원씨엔아이,KOSDAQ
065570,삼영이엔씨,KOSDAQ
065610,폴리플러스,KOSDAQ
065620,제낙스,KOSDAQ
065650,하이퍼코퍼레이션,KOSDAQ
065660,안트로젠,KOSDAQ
065680,우주일렉트로,KOSDAQ
065690,파커스,KOSDAQ
065710,서호전기,KOSDAQ
065770,CS,KOSDAQ
065810,UC아이콜스,KOSDAQ
065910,PW제네틱스,KOSDAQ
065940,바이오빌,KOSDAQ
065950,웰크론,KOSDAQ
066030,미래프리미어2-MF,KOSDAQ
066060,휴먼텍코리아,KOSDAQ
066110,한프,KOSDAQ
066130,하츠,KOSDAQ
066200,이노블루,KOSDAQ
066270,SK컴즈,KOSDAQ
066300,샤인시스템,KOSDAQ
066310,큐에스아이,KOSDAQ
066330,시큐리티KOR,KOSDAQ
066340,케이에스알,KOSDAQ
066350,티에스엠텍,KOSDAQ
066360,체리부로,KOSDAQ
066410,버킷스튜디오,KOSDAQ
066430,와이오엠,KOSDAQ
066480,휘튼,KOSDAQ
066570,LG전자,KOSPI
066575,LG전자우,KOSPI
066590,우수AMS,KOSDAQ
066620,국보디자인,KOSDAQ
066670,디티씨,KOSDAQ
066690,보광티에스,KOSDAQ
066700,테라젠이텍스,KOSDAQ
066790,씨씨에스,KOSDAQ
066830,제노텍,KONEX
066850,아이드림,KOSDAQ
066900,디에이피,KOSDAQ
066910,손오공,KOSDAQ
066930,에스디,KOSDAQ
066970,엘앤에프,KOSPI
066980,한성크린텍,KOSDAQ
067000,조이시티,KOSDAQ
067010,이씨에스,KOSDAQ
067080,대화제약,KOSDAQ
067130,클루넷,KOSDAQ
067160,SOOP,"KOSDAQ GLOBAL"
067170,오텍,KOSDAQ
067250,STX조선해양,KOSPI
067280,멀티캠퍼스,KOSDAQ
067290,JW신약,KOSDAQ
067310,하나마이크론,"KOSDAQ GLOBAL"
067370,선바이오,KOSDAQ
067390,아스트,KOSDAQ
067410,마이차익3호-MF,KOSDAQ
067570,엔브이에이치코리아,KOSDAQ
067630,HLB생명과학,KOSDAQ
067700,미래오리엔탈-MF,KOSDAQ
067730,로지시스,KOSDAQ
067770,세진티에스,KOSDAQ
067830,세이브존I&C,KOSPI
067850,바이나믹,KOSDAQ
067900,와이엔텍,KOSDAQ
067910,코크렙1,KOSPI
067920,이글루,KOSDAQ
067950,티이씨,KOSDAQ
067990,도이치모터스,KOSDAQ
068050,팬엔터테인먼트,KOSDAQ
068060,KCW,KOSDAQ
068100,케이웨더,KOSDAQ
068150,케이엔씨글로벌,KOSDAQ
068240,다원시스,KOSDAQ
068270,셀트리온,KOSPI
068290,삼성출판사,KOSPI
068330,일신바이오,KOSDAQ
068400,SK렌터카,KOSPI
068420,엔터기술,KOSDAQ
068630,에피밸리,KOSDAQ
068760,셀트리온제약,KOSDAQ
068770,선우중공업,KOSDAQ
068790,DMS,KOSDAQ
068870,LG생명과학,KOSPI
068875,LG생명과학우,KOSPI
068930,디지털대성,KOSDAQ
068940,셀피글로벌,KOSDAQ
069080,웹젠,"KOSDAQ GLOBAL"
069110,코스온,KOSDAQ
069140,누리플랜,KOSDAQ
069260,TKG휴켐스,KOSPI
069330,유아이디,KOSDAQ
069410,엔텔스,KOSDAQ
069460,대호에이엘,KOSPI
069470,제로원인터랙티브,KOSPI
069510,에스텍,KOSDAQ
069540,라이트론,KOSDAQ
069620,대웅제약,KOSPI
069640,한세엠케이,KOSPI
069730,DSR제강,KOSPI
069920,아이에스이커머스,KOSDAQ
069960,현대백화점,KOSPI
070080,하이드로젠파워,KOSDAQ
070300,엑스큐어,KOSDAQ
070480,에버테크노,KOSDAQ
070540,코크렙II,KOSPI
070590,한솔인티큐브,KOSDAQ
070960,모나용평,KOSPI
071050,한국금융지주,KOSPI
071055,한국금융지주우,KOSPI
071057,한국금융지주2우B,KOSPI
071090,하이스틸,KOSPI
071200,인피니트헬스케어,KOSDAQ
071280,로체시스템즈,KOSDAQ
071320,지역난방공사,KOSPI
071360,나노하이텍,KOSDAQ
071460,위니아,KOSDAQ
071530,유에이블,KOSDAQ
071660,SSCP,KOSDAQ
071670,에이테크솔루션,KOSDAQ
071840,롯데하이마트,KOSPI
071850,캐스텍코리아,KOSDAQ
071930,에이스하이텍,KOSDAQ
071950,코아스,KOSPI
071955,코아스웰1우B,KOSPI
071970,STX중공업,KOSPI
072020,중앙백신,KOSDAQ
072130,유엔젤,KOSPI
072430,아이레보,KOSDAQ
072450,리얼티1,KOSPI
072470,우리산업홀딩스,KOSDAQ
072520,제넨바이오,KOSDAQ
072530,나이스메탈,KOSDAQ
072710,농심홀딩스,KOSPI
072770,율호,KOSDAQ
072870,메가스터디,KOSDAQ
072950,빛샘전자,KOSDAQ
072990,에이치시티,KOSDAQ
073010,케이에스피,KOSDAQ
073070,에이팸,KOSDAQ
073110,엘엠에스,KOSDAQ
073130,인스프리트,KOSDAQ
073190,듀오백,KOSDAQ
073240,금호타이어,KOSPI
073470,유레스메리츠1,KOSPI
073490,이노와이어리스,KOSDAQ
073530,코크렙III,KOSPI
073540,에프알텍,KOSDAQ
073560,우리손에프앤지,KOSDAQ
073570,리튬포어스,KOSDAQ
073640,테라사이언스,KOSDAQ
073710,씨디네트웍스,KOSDAQ
073780,케이디세코,KOSDAQ
073930,제너시스템즈,KOSDAQ
074000,엠텍비젼,KOSDAQ
074130,디아이디,KOSDAQ
074140,엑스로드,KOSDAQ
074150,엠제이비,KOSDAQ
074430,아미노로직스,KOSDAQ
074600,원익QnC,"KOSDAQ GLOBAL"
074610,이엔플러스,KOSPI
075130,플랜티넷,KOSDAQ
075180,새론오토모티브,KOSPI
075580,세진중공업,KOSPI
075970,동국알앤에스,KOSDAQ
076080,웰크론한텍,KOSDAQ
076090,테이크시스템,KOSDAQ
076170,GBS,KOSPI
076340,관악산업,KONEX
076610,해성옵틱스,KOSDAQ
076850,맥쿼리센트럴,KOSPI
077280,한컴지엠디,KOSDAQ
077360,덕산하이메탈,KOSDAQ
077500,유니퀘스트,KOSPI
077960,케이이엔지,KOSDAQ
077970,STX엔진,KOSPI
078000,텔코웨어,KOSPI
078020,LS증권,KOSDAQ
078070,유비쿼스홀딩스,KOSDAQ
078130,국일제지,KOSDAQ
078140,대봉엘에스,KOSDAQ
078150,HB테크놀러지,KOSDAQ
078160,메디포스트,KOSDAQ
078340,컴투스,"KOSDAQ GLOBAL"
078350,한양디지텍,KOSDAQ
078420,동북아1호,KOSPI
078520,에이블씨엔씨,KOSPI
078590,휴림에이텍,KOSDAQ
078600,대주전자재료,KOSDAQ
078610,도움,KOSDAQ
078650,지나인제약,KOSDAQ
078670,아구스,KOSDAQ
078700,신지소프트,KOSDAQ
078780,아이디에스,KOSDAQ
078860,아이오케이,KOSDAQ
078890,가온그룹,KOSDAQ
078930,GS,KOSPI
078935,GS우,KOSPI
078940,퀀타피아,KOSDAQ
079000,와토스코리아,KOSDAQ
079160,"CJ CGV",KOSPI
079170,한창산업,KOSDAQ
079190,케스피온,KOSDAQ
079340,하이럭스,KOSDAQ
079370,제우스,KOSDAQ
079430,현대리바트,KOSPI
079440,오렌지라이프,KOSPI
079550,LIG넥스원,KOSPI
079560,모젬,KOSDAQ
079650,서산,KOSDAQ
079660,사조해표,KOSPI
079810,디이엔티,KOSDAQ
079870,산양전기,KOSDAQ
079940,가비아,KOSDAQ
079950,인베니아,KOSDAQ
079960,동양이엔피,KOSDAQ
079970,투비소프트,KOSDAQ
079980,휴비스,KOSPI
080000,에스엔유,KOSDAQ
080010,이상네트웍스,KOSDAQ
080030,동북아2호,KOSPI
080140,루멘디지탈,KOSDAQ
080160,모두투어,KOSDAQ
080180,아시아1호,KOSPI
080220,제주반도체,KOSDAQ
080410,동북아6호,KOSPI
080420,모다이노칩,KOSDAQ
080440,에스제이케이,KOSDAQ
080470,성창오토텍,KOSDAQ
080520,오디텍,KOSDAQ
080530,코디,KOSDAQ
080570,IC코퍼레이션,KOSDAQ
080580,오킨스전자,KOSDAQ
080720,한국유니온제약,KOSDAQ
080960,동북아3호,KOSPI
080970,동북아4호,KOSPI
080980,동북아5호,KOSPI
081000,일진다이아,KOSPI
081090,씨모텍,KOSDAQ
081150,티플랙스,KOSDAQ
081190,아시아2호,KOSPI
081200,아시아3호,KOSPI
081210,아시아4호,KOSPI
081220,세미텍,KOSDAQ
081500,엑스씨이,KOSDAQ
081580,성우전자,KOSDAQ
081660,휠라홀딩스,KOSPI
081930,아시아8호,KOSPI
081940,아시아9호,KOSPI
081970,한솔넥스지,KOSDAQ
082110,동북아8호,KOSPI
082210,옵트론텍,KOSDAQ
082220,프렉코,KONEX
082240,아시아5호,KOSPI
082250,아시아6호,KOSPI
082260,아시아7호,KOSPI
082270,젬백스,KOSDAQ
082390,피엘에이,KOSDAQ
082640,동양생명,KOSPI
082660,코스나인,KOSDAQ
082740,한화엔진,KOSPI
082800,"비보존 제약",KOSDAQ
082850,우리바이오,KOSDAQ
082920,비츠로셀,KOSDAQ
082930,실리콘화일,KOSDAQ
083120,동북아9호,KOSPI
083160,현대경매일호,KOSPI
083310,엘오티베큠,KOSDAQ
083350,동북아10호,KOSPI
083360,동북아11호,KOSPI
083370,동북아12호,KOSPI
083380,동북아13호,KOSPI
083390,동북아14호,KOSPI
083420,그린케미칼,KOSPI
083450,GST,KOSDAQ
083470,이엠앤아이,KOSDAQ
083500,에프엔에스테크,KOSDAQ
083550,케이엠,KOSDAQ
083570,아시아10호,KOSPI
083580,아시아11호,KOSPI
083590,아시아12호,KOSPI
083600,아시아13호,KOSPI
083610,아시아14호,KOSPI
083620,아시아15호,KOSPI
083640,인콘,KOSDAQ
083650,비에이치아이,KOSDAQ
083660,"CSA 코스믹",KOSDAQ
083790,CG인바이츠,KOSDAQ
083930,아바코,KOSDAQ
084010,대한제강,KOSPI
084110,휴온스글로벌,KOSDAQ
084160,골든경매일호,KOSPI
084180,수성웹툰,KOSDAQ
084240,동북아15호,KOSPI
084370,유진테크,"KOSDAQ GLOBAL"
084440,유비온,KOSDAQ
084450,세실,KOSDAQ
084650,랩지노믹스,KOSDAQ
084670,동양고속,KOSPI
084680,이월드,KOSPI
084690,대상홀딩스,KOSPI
084695,대상홀딩스우,KOSPI
084697,대상홀딩스2우B,KOSPI
084730,팅크웨어,KOSDAQ
084810,아이알디,KOSDAQ
084850,아이티엠반도체,"KOSDAQ GLOBAL"
084870,TBH글로벌,KOSPI
084990,헬릭스미스,KOSDAQ
085310,엔케이,KOSPI
085370,루트로닉,KOSDAQ
08537M,루트로닉3우C,KOSDAQ
085450,굿리치경매1,KOSPI
085620,미래에셋생명,KOSPI
085660,차바이오텍,KOSDAQ
085670,뉴프렉스,KOSDAQ
085680,모빌탑,KOSDAQ
085810,알티캐스트,KOSDAQ
085910,네오티스,KOSDAQ
085980,세화피앤씨,KONEX
085990,단성일렉트론,KOSDAQ
086040,바이오톡스텍,KOSDAQ
086060,진바이오텍,KOSDAQ
086080,다이노나,KONEX
086200,제이앤유글로벌,KOSDAQ
086220,광동헬스바이오,KONEX
086250,이노와이즈,KOSDAQ
086280,현대글로비스,KOSPI
086390,유니테스트,KOSDAQ
086450,동국제약,"KOSDAQ GLOBAL"
086460,큐러블,KONEX
086520,에코프로,KOSDAQ
086670,비엠티,KOSDAQ
086710,선진뷰티사이언스,KOSDAQ
086720,코크렙7호,KOSPI
086790,하나금융지주,KOSPI
086820,바이오솔루션,KOSDAQ
086830,신양오라컴,KOSDAQ
086890,이수앱지스,KOSDAQ
086900,메디톡스,KOSDAQ
086960,한컴MDS,KOSDAQ
086980,쇼박스,KOSDAQ
087010,펩트론,KOSDAQ
087220,스틸플라워,KOSDAQ
087260,모바일어플라이언스,KOSDAQ
087600,픽셀플러스,KOSDAQ
087730,이엠네트웍스,KOSDAQ
088010,동북아21호,KOSPI
088020,네이쳐글로벌,KOSDAQ
088130,동아엘텍,KOSDAQ
088260,이리츠코크렙,KOSPI
088280,쏘닉스,KOSDAQ
088290,이원컴포텍,KOSDAQ
088350,한화생명,KOSPI
088390,이녹스,KOSDAQ
088510,굿리치경매2,KOSPI
088700,마이스코,KOSDAQ
088790,진도,KOSPI
088800,에이스테크,KOSDAQ
088810,맥스브로,KOSDAQ
088910,동우팜투테이블,KOSDAQ
088960,씨티엘테크,KOSDAQ
088980,맥쿼리인프라,KOSPI
089010,켐트로닉스,KOSDAQ
089030,테크윙,KOSDAQ
089140,넥스턴바이오,KOSDAQ
089150,케이씨티,KOSDAQ
089170,동북아27호,KOSPI
089180,동북아28호,KOSPI
089190,동북아29호,KOSPI
089200,동북아30호,KOSPI
089230,"THE E&M",KOSDAQ
089240,네오세미테크,KOSDAQ
089470,HDC현대EP,KOSPI
089480,평산,KOSDAQ
089530,에이티세미콘,KOSDAQ
089590,제주항공,KOSPI
089600,나스미디어,KOSDAQ
089790,제이티,KOSDAQ
089850,유비벨록스,KOSDAQ
089860,롯데렌탈,KOSPI
089890,코세스,KOSDAQ
089970,브이엠,KOSDAQ
089980,상아프론테크,KOSDAQ
090080,평화산업,KOSPI
090090,디앤샵,KOSDAQ
090120,잘만테크,KOSDAQ
090150,아이윈,KOSDAQ
090350,노루페인트,KOSPI
090355,노루페인트우,KOSPI
090360,로보스타,KOSDAQ
090370,메타랩스,KOSPI
090410,덕신이피씨,KOSDAQ
090430,아모레퍼시픽,KOSPI
090435,아모레퍼시픽우,KOSPI
090460,비에이치,KOSPI
090470,제이스텍,KOSDAQ
090540,코크렙8호,KOSPI
090710,휴림로봇,KOSDAQ
090730,"SIMPAC Metal",KOSDAQ
090740,연이비앤티,KOSDAQ
090850,현대이지웰,KOSDAQ
090970,코리아01호,KOSPI
090980,코리아02호,KOSPI
090990,코리아03호,KOSPI
091000,코리아04호,KOSPI
091090,세원이앤씨,KOSPI
091120,이엠텍,KOSDAQ
091270,유디피,KONEX
091340,S&K폴리텍,KOSDAQ
091440,한울소재과학,KOSDAQ
091580,상신이디피,KOSDAQ
091590,남화토건,KOSDAQ
091690,디지텍시스템,KOSDAQ
091700,파트론,"KOSDAQ GLOBAL"
091810,티웨이항공,KOSPI
091970,나노캠텍,KOSDAQ
091990,셀트리온헬스케어,"KOSDAQ GLOBAL"
092040,아미코젠,KOSDAQ
092070,디엔에프,KOSDAQ
092130,이크레더블,KOSDAQ
092190,서울바이오시스,KOSDAQ
092200,디아이씨,KOSPI
092220,KEC,KOSPI
092230,KPX홀딩스,KOSPI
092300,현우산업,KOSDAQ
092440,기신정기,KOSPI
092460,한라IMS,KOSDAQ
092590,럭스피아,KONEX
092600,앤씨앤,KOSDAQ
092630,바다로3호,KOSPI
092730,네오팜,KOSDAQ
092780,동양피스톤,KOSPI
092790,넥스틸,KOSPI
092870,엑시콘,KOSDAQ
092970,거북선1호,KOSPI
093050,LF,KOSPI
093190,빅솔론,KOSDAQ
093230,이아이디,KOSPI
093240,형지엘리트,KOSPI
093320,케이아이엔엑스,KOSDAQ
093370,후성,KOSPI
093380,풍강,KOSDAQ
093400,코리아05호,KOSPI
093410,코리아06호,KOSPI
093510,엔지브이아이,KONEX
093520,매커스,KOSDAQ
093640,케이알엠,KOSDAQ
093730,동북아31호,KOSPI
093820,한국유전15-1,KOSPI
093920,서원인텍,KOSDAQ
094170,동운아나텍,KOSDAQ
094190,이엘케이,KOSDAQ
094280,효성ITX,KOSPI
094360,칩스앤미디어,KOSDAQ
094480,갤럭시아머니트리,KOSDAQ
094520,맵스베트남1,KOSPI
094700,미성포리테크,KOSDAQ
094800,맵스리얼티1,KOSPI
094820,일진파워,KOSDAQ
094840,슈프리마에이치큐,KOSDAQ
094850,참좋은여행,KOSDAQ
094860,네오리진,KOSDAQ
094940,푸른기술,KOSDAQ
094950,지비베트남1,KOSPI
094970,제이엠티,KOSDAQ
095190,이엠코리아,KOSDAQ
095270,웨이브일렉트로,KOSDAQ
095300,세한엔에스브이,KOSDAQ
095340,ISC,KOSDAQ
095500,미래나노텍,KOSDAQ
095570,AJ네트웍스,KOSPI
095610,테스,"KOSDAQ GLOBAL"
095660,네오위즈,KOSDAQ
095700,제넥신,KOSDAQ
095720,웅진씽크빅,KOSPI
095910,에스에너지,KOSDAQ
096040,이트론,KOSDAQ
096240,크레버스,KOSDAQ
096300,베트남개발1,KOSPI
096350,대창솔루션,KOSDAQ
096530,씨젠,KOSDAQ
096610,알에프세미,KOSDAQ
096630,에스코넥,KOSDAQ
096640,멜파스,KOSDAQ
096690,에이루트,KOSDAQ
096760,JW홀딩스,KOSPI
096770,SK이노베이션,KOSPI
096775,SK이노베이션우,KOSPI
096870,엘디티,KOSDAQ
097230,HJ중공업,KOSPI
097520,엠씨넥스,KOSPI
097780,에코볼트,KOSDAQ
097800,윈팩,KOSDAQ
097870,효성오앤비,KOSDAQ
097950,CJ제일제당,KOSPI
097955,"CJ제일제당 우",KOSPI
097957,"CJ제일제당 2우B",KOSPI
097959,"CJ제일제당 3우B",KOSPI
098120,마이크로컨텍솔,KOSDAQ
098150,한국아태특별,KOSPI
098400,엔스퍼트,KOSDAQ
098460,고영,"KOSDAQ GLOBAL"
098660,에스티오,KOSDAQ
099190,아이센스,KOSDAQ
099210,코리아07호,KOSPI
099220,SDN,KOSDAQ
099320,쎄트렉아이,KOSDAQ
099340,하나니켈1호,KOSPI
099350,하나니켈2호,KOSPI
099390,브레인즈컴퍼니,KOSDAQ
099410,동방선기,KOSDAQ
099430,바이오플러스,KOSDAQ
099440,스맥,KOSDAQ
099520,ITX-AI,KOSDAQ
099660,한솔신텍,KOSDAQ
099750,이지케어텍,KOSDAQ
099830,씨그널엔터테인먼트그룹,KOSDAQ
100030,인지소프트,KOSDAQ
100090,SK오션플랜트,KOSPI
100120,뷰웍스,KOSDAQ
100130,동국S&C,KOSDAQ
100220,비상교육,KOSPI
100250,진양홀딩스,KOSPI
100590,머큐리,KOSDAQ
100660,서암기계공업,KOSDAQ
100700,세운메디칼,KOSDAQ
100790,미래에셋벤처투자,KOSDAQ
100840,SNT에너지,KOSPI
101000,KS인더스트리,KOSDAQ
101060,SBS미디어홀딩스,KOSPI
101140,인바이오젠,KOSPI
101160,월덱스,KOSDAQ
101170,우림피티에스,KOSDAQ
101240,씨큐브,KOSDAQ
101330,모베이스,KOSDAQ
101360,에코앤드림,KOSDAQ
101380,거북선2호,KOSPI
101390,아이엠,KOSDAQ
101400,엔시트론,KOSDAQ
101490,에스앤에스텍,KOSDAQ
101530,해태제과식품,KOSPI
101670,하이드로리튬,KOSDAQ
101680,한국정밀기계,KOSDAQ
101730,위메이드맥스,KOSDAQ
101790,케이알제2호,KOSPI
101930,인화정공,KOSDAQ
101970,우양에이치씨,KOSDAQ
101990,파브코,KOSPI
102000,거북선3호,KOSPI
102120,어보브반도체,KOSDAQ
102210,에이치디,KOSDAQ
102260,동성케미컬,KOSPI
102280,쌍방울,KOSPI
102370,케이옥션,KOSDAQ
102460,이연제약,KOSPI
102710,이엔에프테크놀로지,KOSDAQ
102940,코오롱생명과학,KOSDAQ
102950,아하,KONEX
103130,웅진에너지,KOSPI
103140,풍산,KOSPI
103150,하이트맥주,KOSPI
103155,하이트맥주우,KOSPI
103160,풀무원,KOSPI
103230,에스앤더블류,KOSDAQ
103590,일진전기,KOSPI
103650,에이치앤아이,KONEX
103660,씨앗,KONEX
103840,우양,KOSDAQ
104040,대성파인텍,KOSDAQ
104110,신성이엔지,KOSPI
104120,신성에프에이,KOSPI
104200,NHN벅스,KOSDAQ
104460,디와이피엔에프,KOSDAQ
104480,티케이케미칼,KOSDAQ
104540,코렌텍,KOSDAQ
104620,노랑풍선,KOSDAQ
104700,한국철강,KOSPI
104830,원익머트리얼즈,KOSDAQ
105070,금강제강,KOSDAQ
105330,케이엔더블유,KOSDAQ
105380,다산리츠,KOSPI
105550,엣지파운드리,KOSDAQ
105560,KB금융,KOSPI
105630,한세실업,KOSPI
105740,디케이락,KOSDAQ
105760,포스뱅크,KOSDAQ
105840,우진,KOSPI
106080,지투하이소닉,KOSDAQ
106190,하이텍팜,KOSDAQ
106240,파인테크닉스,KOSDAQ
106520,노블엠앤비,KOSDAQ
107590,미원홀딩스,KOSPI
107600,새빗켐,KOSDAQ
107640,한중엔시에스,KOSDAQ
108070,삼성이미징,KOSPI
108230,톱텍,KOSDAQ
108320,LX세미콘,KOSPI
108380,대양전기공업,KOSDAQ
108490,로보티즈,KOSDAQ
108670,LX하우시스,KOSPI
108675,LX하우시스우,KOSPI
108790,인터파크,KOSDAQ
108860,셀바스AI,KOSDAQ
108890,거북선4호,KOSPI
109070,주성코퍼레이션,KOSPI
109080,옵티시스,KOSDAQ
109610,에스와이,KOSDAQ
109670,씨싸이트,KOSDAQ
109740,디에스케이,KOSDAQ
109820,진매트릭스,KOSDAQ
109860,동일금속,KOSDAQ
109960,AP헬스케어,KOSDAQ
110020,전진바이오팜,KOSDAQ
110310,모린스,KOSDAQ
110500,유니드코리아,KOSDAQ
110570,넥솔론,KOSPI
110660,세신버팔로,KONEX
110790,크리스에프앤씨,KOSDAQ
110990,디아이티,KOSDAQ
111110,호전실업,KOSPI
111380,동인기연,KOSPI
111610,승화프리텍,KOSDAQ
111710,남화산업,KOSDAQ
111770,영원무역,KOSPI
111820,지유온,KOSDAQ
111870,"KH 미래물산",KOSDAQ
112040,위메이드,KOSDAQ
112190,KC산업,KONEX
112240,에스에프씨,KOSDAQ
112290,와이씨켐,KOSDAQ
112610,씨에스윈드,KOSPI
113810,디젠스,KOSDAQ
114090,GKL,KOSPI
114120,크루셜텍,KOSDAQ
114130,거북선5호,KOSPI
114140,거북선6호,KOSPI
114190,강원에너지,KOSDAQ
114410,현대푸드,KOSPI
114450,그린생명과학,KOSDAQ
114570,지스마트글로벌,KOSDAQ
114630,폴라리스우노,KOSDAQ
114810,한솔아이원스,KOSDAQ
114840,아이패밀리에스씨,KOSDAQ
114920,대주이엔티,KONEX
115160,휴맥스,KOSDAQ
115180,큐리언트,KOSDAQ
115310,인포바인,KOSDAQ
115390,락앤락,KOSPI
115440,우리넷,KOSDAQ
115450,HLB테라퓨틱스,KOSDAQ
115480,씨유메디칼,KOSDAQ
115500,케이씨에스,KOSDAQ
115530,씨엔플러스,KOSDAQ
115570,스타플렉스,KOSDAQ
115610,이미지스,KOSDAQ
115960,연우,KOSDAQ
116100,태양기계,KONEX
117580,대성에너지,KOSPI
117670,알파홀딩스,KOSDAQ
117730,티로보틱스,KOSDAQ
117930,한진해운,KOSPI
118000,에스메디,KOSPI
118990,모트렉스,KOSDAQ
119250,에프지엔개발리츠,KOSPI
119500,포메탈,KOSDAQ
119610,인터로조,KOSDAQ
119650,KC코트렐,KOSPI
119830,아이텍,KOSDAQ
119850,지엔씨에너지,KOSDAQ
119860,커넥트웨이브,KOSDAQ
120030,조선선재,KOSPI
120110,코오롱인더,KOSPI
120115,코오롱인더우,KOSPI
120240,대정화금,KOSDAQ
120780,전우정밀,KONEX
121060,유니포인트,KONEX
121440,골프존뉴딘홀딩스,KOSDAQ
121550,코크렙15호,KOSPI
121600,나노신소재,KOSDAQ
121800,비덴트,KOSDAQ
121850,코이즈,KOSDAQ
121890,에스디시스템,KOSDAQ
121910,대우증권스팩,KOSPI
121950,미래에셋스팩1호,KOSDAQ
122050,아이엘사이언스,KONEX
122290,동양밸류스팩,KOSPI
122310,제노레이,KOSDAQ
122350,삼기,KOSDAQ
122450,KX,KOSDAQ
122640,예스티,KOSDAQ
122690,서진오토모티브,KOSDAQ
122750,우리스팩1호,KOSPI
122800,썬텍,KOSDAQ
122830,원포유,KONEX
122870,와이지엔터테인먼트,"KOSDAQ GLOBAL"
122900,아이마켓코리아,KOSPI
122990,와이솔,KOSDAQ
123010,아이윈플러스,KOSDAQ
123040,엠에스오토텍,KOSDAQ
123100,원익테라세미콘,KOSDAQ
123160,히든챔피언스팩1호,KOSDAQ
123260,파인넥스,KOSDAQ
123290,한국스팩1호,KOSDAQ
123300,부국퓨쳐스타즈스팩,KOSDAQ
123330,제닉,KOSDAQ
123410,코리아에프티,KOSDAQ
123420,위메이드플레이,KOSDAQ
123550,대신증권그로쓰스팩,KOSDAQ
123570,이엠넷,KOSDAQ
123690,한국화장품,KOSPI
123700,SJM,KOSPI
123750,알톤,KOSDAQ
123840,뉴온,KOSDAQ
123860,아나패스,KOSDAQ
123890,한국자산신탁,KOSPI
123910,에스비아이앤솔로몬스팩,KOSDAQ
124050,한화SV스팩1호,KOSDAQ
124500,아이티센,KOSDAQ
124560,태웅로직스,KOSDAQ
125210,아모그린텍,KOSDAQ
126340,비나텍,KOSDAQ
126560,현대퓨처넷,KOSPI
126600,BGF에코머티리얼즈,KOSDAQ
126640,화신정공,KOSDAQ
126680,IBKS스팩1호,KOSDAQ
126700,하이비젼시스템,KOSDAQ
126720,수산인더스트리,KOSPI
126730,코칩,KOSDAQ
126870,뉴로스,KOSDAQ
126880,제이엔케이글로벌,KOSDAQ
127120,디엔에이링크,KOSDAQ
127160,매직마이크로,KOSDAQ
127710,아시아경제,KOSDAQ
127980,화인써키트,KOSDAQ
128540,에코캡,KOSDAQ
128660,피제이메탈,KOSDAQ
128820,대성산업,KOSPI
128910,동부티에스블랙펄스팩,KOSDAQ
128940,한미약품,KOSPI
129260,인터지스,KOSPI
129890,앱코,KOSDAQ
129920,대성하이텍,KOSDAQ
130500,GH신소재,KOSDAQ
130580,나이스디앤비,KOSDAQ
130660,한전산업,KOSPI
130740,티피씨글로벌,KOSDAQ
130960,"CJ E&M",KOSDAQ
131030,옵투스제약,KOSDAQ
131090,시큐브,KOSDAQ
131100,티엔엔터테인먼트,KOSDAQ
131180,딜리,KOSDAQ
131220,대한과학,KOSDAQ
131290,티에스이,"KOSDAQ GLOBAL"
131370,알서포트,KOSDAQ
131390,원익피앤이,KOSDAQ
131400,이브이첨단소재,KOSDAQ
131760,파인텍,KOSDAQ
131970,두산테스나,"KOSDAQ GLOBAL"
133750,메가엠디,KOSDAQ
133820,화인베스틸,KOSPI
134000,거북선7호,KOSPI
134060,이퓨쳐,KOSDAQ
134380,미원화학,KOSPI
134580,탑코미디어,KOSDAQ
134780,화진,KOSDAQ
134790,시디즈,KOSPI
135160,무송지오씨,KONEX
135270,세종머티리얼즈,KONEX
136410,아셈스,KOSDAQ
136480,하림,KOSDAQ
136490,선진,KOSPI
136510,스마트솔루션즈,KOSDAQ
136540,윈스,KOSDAQ
136660,큐엠씨,KONEX
137080,나래나노텍,KOSDAQ
137310,에스디바이오센서,KOSPI
137400,피엔티,"KOSDAQ GLOBAL"
137940,넥스트아이,KOSDAQ
137950,제이씨케미칼,KOSDAQ
138040,메리츠금융지주,KOSPI
138070,신진에스엠,KOSDAQ
138080,오이솔루션,KOSDAQ
138250,엔에스쇼핑,KOSPI
138290,지성이씨에스,KONEX
138360,협진,KOSDAQ
138440,이코리아리츠,KOSPI
138490,코오롱ENP,KOSPI
138580,비즈니스온,KOSDAQ
138610,나이벡,KOSDAQ
138690,엘아이에스,KOSDAQ
138930,BNK금융지주,KOSPI
139050,BF랩스,KOSDAQ
139130,DGB금융지주,KOSPI
139170,퓨얼셀,KONEX
139200,하이골드2호,KOSPI
139480,이마트,KOSPI
139670,키네마스터,KOSDAQ
139990,아주스틸,KOSPI
140070,서플러스글로벌,KOSDAQ
140290,청광건설,KONEX
140410,메지온,KOSDAQ
140430,카티스,KOSDAQ
140520,대창스틸,KOSDAQ
140610,엔솔바이오사이언스,KONEX
140660,위월드,KONEX
140670,알에스오토메이션,KOSDAQ
140860,파크시스템스,KOSDAQ
140890,트러스제7호,KOSPI
140910,에이리츠,KOSPI
141000,비아트론,KOSDAQ
141020,디에스앤엘,KOSDAQ
141070,맥스로텍,KOSDAQ
141080,리가켐바이오,"KOSDAQ GLOBAL"
142210,유니트론텍,KOSDAQ
142280,녹십자엠에스,KOSDAQ
142760,모아라이프플러스,KOSDAQ
143160,아이디스,KOSDAQ
143210,핸즈코퍼레이션,KOSPI
143240,사람인,KOSDAQ
143540,영우디에스피,KOSDAQ
144510,지씨셀,KOSDAQ
144620,코오롱머티리얼,KOSPI
144630,씨아이에스,KONEX
144740,피엠디아카데미,KONEX
144960,뉴파워프라즈마,KOSDAQ
145020,휴젤,"KOSDAQ GLOBAL"
145170,노브랜드,KOSDAQ
145210,다이나믹디자인,KOSPI
145270,케이탑리츠,KOSPI
145720,덴티움,KOSPI
145990,삼양사,KOSPI
145995,삼양사우,KOSPI
146060,율촌,KOSDAQ
146320,비씨엔씨,KOSDAQ
147760,피엠티,KOSDAQ
147830,제룡산업,KOSDAQ
148140,비디아이,KOSDAQ
148150,세경하이테크,KOSDAQ
148250,알엔투테크놀로지,KOSDAQ
148780,비큐AI,KOSDAQ
148930,에이치와이티씨,KOSDAQ
149010,아이케이세미콘,KONEX
149130,케이비부국위탁리츠,KOSPI
149300,아퓨어스,KONEX
149940,모다,KOSDAQ
149950,아바텍,KOSDAQ
149980,하이로닉,KOSDAQ
150440,피노텍,KONEX
150840,인트로메딕,KOSDAQ
150900,파수,KOSDAQ
151750,테라텍,KONEX
151860,KG에코솔루션,KOSDAQ
151910,퓨처코어,KOSDAQ
152330,코리아오토글라스,KOSPI
152550,한국ANKOR유전,KOSPI
153360,하이골드3호,KOSPI
153460,네이블,KOSDAQ
153490,우리이앤엘,KOSDAQ
153710,옵티팜,KOSDAQ
154030,아시아종묘,KOSDAQ
154040,다산솔루에타,KOSDAQ
155650,와이엠씨,KOSDAQ
155660,DSR,KOSPI
155900,바다로19호,KOSPI
155960,지디,KOSDAQ
156100,엘앤케이바이오,KOSDAQ
156170,비앤에스미디어,KONEX
158300,에스에이티이엔지,KONEX
158310,참존글로벌,KOSDAQ
158380,삼목강업,KOSDAQ
158430,아톤,KOSDAQ
159010,아스플로,KOSDAQ
159580,제로투세븐,KOSDAQ
159650,하이골드8호,KOSPI
159910,스킨앤스킨,KOSDAQ
160190,하이젠알앤엠,KOSDAQ
160350,웹솔루스,KONEX
160550,NEW,KOSDAQ
160600,이큐셀,KOSDAQ
160980,싸이맥스,KOSDAQ
161000,애경케미칼,KOSPI
161390,한국타이어앤테크놀로지,KOSPI
161570,"THE MIDONG",KOSDAQ
161580,필옵틱스,KOSDAQ
161890,한국콜마,KOSPI
162120,루켄테크놀러지스,KONEX
162300,신스틸,KOSDAQ
163430,디피코,KONEX
163560,동일고무벨트,KOSPI
163730,핑거,KOSDAQ
164060,이루다,KOSDAQ
165270,금오하이텍,KONEX
166090,하나머티리얼즈,"KOSDAQ GLOBAL"
166480,코아스템켐온,KOSDAQ
167380,나무기술,KONEX
168330,내츄럴엔도텍,KOSDAQ
168360,펨트론,KOSDAQ
168490,한국패러랠,KOSPI
169330,엠브레인,KOSDAQ
169670,코스텍시스템,KONEX
170030,현대공업,KOSDAQ
170790,파이오링크,KOSDAQ
170900,동아에스티,KOSPI
170920,엘티씨,KOSDAQ
171010,램테크놀러지,KOSDAQ
171090,선익시스템,KOSDAQ
171120,라이온켐텍,KOSDAQ
172580,하이골드12호,KOSPI
172670,에이엘티,KOSDAQ
173130,오파스넷,KOSDAQ
173940,에프엔씨엔터,KOSDAQ
174880,장원테크,KOSDAQ
174900,앱클론,KOSDAQ
175140,휴먼테크놀로지,KOSDAQ
175250,아이큐어,KOSDAQ
175330,JB금융지주,KOSPI
176440,에이치엔티,KOSDAQ
176560,포인트엔지니어링,KONEX
176590,코나솔,KONEX
176750,듀켐바이오,KONEX
177350,베셀,KOSDAQ
177830,파버나인,KOSDAQ
178320,서진시스템,KOSDAQ
178600,대동고려삼,KONEX
178780,일월지엠엘,KOSDAQ
178920,PI첨단소재,KOSPI
179280,스탠다드펌,KONEX
179290,엠아이텍,KOSDAQ
179440,피엠에스,KONEX
179530,애드바이오텍,KOSDAQ
179720,머니무브,KONEX
179900,유티아이,KOSDAQ
180060,탑선,KONEX
180400,DXVX,KOSDAQ
180640,한진칼,KOSPI
18064K,한진칼우,KOSPI
181340,이즈미디어,KOSDAQ
181710,NHN,KOSPI
181980,힘스인터내셔널,KONEX
182360,큐브엔터,KOSDAQ
182400,엔케이맥스,KOSDAQ
182690,테라셈,KOSDAQ
183190,아세아시멘트,KOSPI
183300,코미코,"KOSDAQ GLOBAL"
183350,LPK로보틱스,KONEX
183410,골프존데카,KONEX
183490,엔지켐생명과학,KOSDAQ
184230,SGA솔루션즈,KOSDAQ
185190,수프로,KONEX
185280,이푸른,KONEX
185490,아이진,KOSDAQ
185750,종근당,KOSPI
186230,그린플러스,KOSDAQ
187220,디티앤씨,KOSDAQ
187270,신화콘텍,KOSDAQ
187420,제노포커스,KOSDAQ
187660,에이디엠코리아,KOSDAQ
187770,판타지오,KONEX
187790,나노,KOSDAQ
187870,디바이스이엔지,KOSDAQ
188260,세니젠,KOSDAQ
189300,인텔리안테크,KOSDAQ
189330,씨이랩,KOSDAQ
189350,코셋,KONEX
189540,씨티네트웍스,KONEX
189690,포시에스,KOSDAQ
189700,디피앤케이,KONEX
189860,서전기전,KOSDAQ
189980,흥국에프엔비,KOSDAQ
190510,나무가,KOSDAQ
190650,코리아에셋투자증권,KOSDAQ
191410,육일씨엔에쓰,KOSDAQ
191420,테고사이언스,KOSDAQ
191600,블루탑,KONEX
192080,더블유게임즈,KOSPI
192240,나이코,KONEX
192250,케이사인,KOSDAQ
192390,윈하이텍,KOSDAQ
192400,쿠쿠홀딩스,KOSPI
192410,휴림네트웍스,KOSDAQ
192440,슈피겐코리아,KOSDAQ
192520,경남은행,KOSPI
192530,광주은행,KOSPI
192650,드림텍,KOSPI
192820,코스맥스,KOSPI
193250,링크드,KOSDAQ
194370,제이에스코퍼레이션,KOSPI
194480,데브시스터즈,KOSDAQ
194510,파티게임즈,KOSDAQ
194610,우성아이비,KOSDAQ
194700,노바렉스,KOSDAQ
194860,SY이노베이션,KONEX
195440,퓨전,KOSDAQ
195500,마니커에프앤지,KOSDAQ
195870,해성디에스,KOSPI
195940,HK이노엔,"KOSDAQ GLOBAL"
195990,에이비프로바이오,KOSDAQ
196170,알테오젠,"KOSDAQ GLOBAL"
196300,애니젠,KOSDAQ
196450,코아시아씨엠,KOSDAQ
196490,디에이테크놀로지,KOSDAQ
196700,웹스,KOSDAQ
197140,디지캡,KOSDAQ
197210,리드,KOSDAQ
198080,엔피디,KOSDAQ
198440,강동씨앤엘,KOSDAQ
198940,한주라이트메탈,KOSDAQ
199150,데이터스트림즈,KONEX
199290,바이오프로테크,KONEX
199430,케이엔알시스템,KOSDAQ
199550,레이저옵텍,KOSDAQ
199730,바이오인프라,KOSDAQ
199800,툴젠,KOSDAQ
199820,제일일렉트릭,KOSDAQ
199870,세기리텍,KONEX
200130,콜마비앤에이치,"KOSDAQ GLOBAL"
200230,텔콘RF제약,KOSDAQ
200350,래몽래인,KOSDAQ
200470,에이팩트,KOSDAQ
200580,메디쎄이,KONEX
200670,휴메딕스,KOSDAQ
200710,에이디테크놀로지,KOSDAQ
200780,비씨월드제약,KOSDAQ
200880,서연이화,KOSPI
201490,미투온,KOSDAQ
202960,판도라티비,KONEX
203400,에이비온,KOSDAQ
203450,유니온커뮤니티,KOSDAQ
203650,드림시큐리티,KOSDAQ
203690,스피어파워,KOSDAQ
204020,그리티,KOSDAQ
204210,스타에스엠리츠,KOSPI
204270,제이앤티씨,KOSDAQ
204320,HL만도,KOSPI
204440,대우스팩2호,KOSDAQ
204610,티쓰리,KOSDAQ
204620,글로벌텍스프리,KOSDAQ
204630,스튜디오산타클로스,KOSDAQ
204650,케이티비스팩1호,KOSDAQ
204690,다린,KONEX
204760,현대에이블스팩1호,KOSDAQ
204840,지엘팜텍,KOSDAQ
204990,코썬바이오,KOSDAQ
205100,엑셈,KOSDAQ
205290,케미메디,KONEX
205470,휴마시스,KOSDAQ
205500,액션스퀘어,KOSDAQ
206400,베노티앤알,KOSDAQ
206560,덱스터,KOSDAQ
206640,바디텍메드,KOSDAQ
206650,유바이오로직스,KOSDAQ
206660,골든브릿지제2호스팩,KOSDAQ
206950,볼빅,KONEX
207230,디와이엘엔제이,KONEX
207490,에이펙스인텍,KONEX
207720,엔에이치SL스팩,KOSDAQ
207760,미스터블루,KOSDAQ
207930,SK1호스팩,KOSDAQ
207940,삼성바이오로직스,KOSPI
208140,정다운,KOSDAQ
208340,파멥신,KOSDAQ
208350,지란지교시큐리티,KOSDAQ
208370,셀바스헬스케어,KOSDAQ
208640,썸에이지,KOSDAQ
208710,바이오로그디바이스,KOSDAQ
208850,이비테크,KONEX
208860,엔지스테크널러지,KOSDAQ
208870,하나머스트3호스팩,KOSDAQ
208890,미래엔에듀파트너,KONEX
210120,빅텐츠,KOSDAQ
210540,디와이파워,KOSPI
210610,소프트캠프,KONEX
210980,SK디앤디,KOSPI
211050,인카금융서비스,KOSDAQ
211270,AP위성,KOSDAQ
212310,오건에코텍,KONEX
212560,네오오토,KOSDAQ
213090,미래테크놀로지,KOSDAQ
213420,덕산네오룩스,"KOSDAQ GLOBAL"
213500,한솔제지,KOSPI
214150,클래시스,"KOSDAQ GLOBAL"
214180,헥토이노베이션,KOSDAQ
214260,라파스,KOSDAQ
214270,FSN,KOSDAQ
214310,에스엘에너지,KOSDAQ
214320,이노션,KOSPI
214330,금호에이치티,KOSPI
214370,케어젠,KOSDAQ
214390,경보제약,KOSPI
214420,토니모리,KOSPI
214430,아이쓰리시스템,KOSDAQ
214450,파마리서치,"KOSDAQ GLOBAL"
214610,미코바이오메드,KOSDAQ
214680,디알텍,KOSDAQ
214870,뉴지랩파마,KOSDAQ
215000,골프존,"KOSDAQ GLOBAL"
215050,비엔디생활건강,KONEX
215090,휴센텍,KOSDAQ
215100,로보로보,KOSDAQ
215200,메가스터디교육,"KOSDAQ GLOBAL"
215360,우리산업,KOSDAQ
215380,우정바이오,KOSDAQ
215480,토박스코리아,KOSDAQ
215570,크로넥스,KONEX
215580,대우스팩3호,KOSDAQ
215600,신라젠,KOSDAQ
215750,미래에셋제3호스팩,KOSDAQ
215790,알비케이그룹,KOSDAQ
216050,인크로스,KOSDAQ
216080,제테마,KOSDAQ
216280,원텍,KONEX
216400,인바이츠바이오코아,KONEX
217190,제너셈,KOSDAQ
217270,넵튠,KOSDAQ
217320,썬테크,KONEX
217330,싸이토젠,KOSDAQ
217480,에스디생명공학,KOSDAQ
217500,러셀,KOSDAQ
217600,켐온,KOSDAQ
217620,디딤이앤에프,KOSDAQ
217730,강스템바이오텍,KOSDAQ
217810,엔에이치스팩7호,KOSDAQ
217820,원익피앤이,KOSDAQ
217880,틸론,KONEX
217910,에스제이켐,KONEX
217950,파마리서치바이오,KONEX
218150,미래생명자원,KOSDAQ
218410,RFHIC,KOSDAQ
218710,키움스팩3호,KOSDAQ
219130,타이거일렉,KOSDAQ
219420,링크제니시스,KOSDAQ
219550,디와이디,KOSDAQ
219580,골든브릿지제3호스팩,KOSDAQ
219750,한국비티비,KOSDAQ
219860,한화에이스스팩2호,KOSDAQ
219960,유안타제2호스팩,KOSDAQ
220100,퓨쳐켐,KOSDAQ
220110,드림티엔터테인먼트,KONEX
220180,핸디소프트,KOSDAQ
220250,카이노스메드,KONEX
220260,켐트로스,KOSDAQ
220630,맘스터치,KOSDAQ
221200,유진스팩3호,KOSDAQ
221610,자안바이오,KOSDAQ
221670,주노콜렉션,KONEX
221800,유투바이오,KOSDAQ
221840,하이즈항공,KOSDAQ
221950,케이비드림3호스팩,KOSDAQ
221980,케이디켐,KOSDAQ
222040,코스맥스엔비티,KOSDAQ
222080,씨아이에스,KOSDAQ
222110,팬젠,KOSDAQ
222160,NPX,KOSDAQ
222390,케이비제8호스팩,KOSDAQ
222420,쎄노텍,KOSDAQ
222520,솔트웍스,KONEX
222670,플럼라인생명과학,KONEX
222800,심텍,"KOSDAQ GLOBAL"
222810,세토피아,KOSDAQ
222980,한국맥널티,KOSDAQ
223040,교보5호스팩,KOSDAQ
223220,로지스몬,KONEX
223250,드림씨아이에스,KOSDAQ
223310,딥마인드,KOSDAQ
224020,에스케이씨에스,KONEX
224060,더코디,KOSDAQ
224090,정다운,KONEX
224110,에이텍모빌리티,KOSDAQ
224760,엔에스컴퍼니,KONEX
224810,엄지하우스,KONEX
224880,SGA클라우드서비스,KONEX
225190,LK삼양,KOSDAQ
225220,제놀루션,KOSDAQ
225330,씨엠에스에듀,KOSDAQ
225430,케이엠제약,KOSDAQ
225440,이베스트스팩3호,KOSDAQ
225530,보광산업,KOSDAQ
225570,넥슨게임즈,KOSDAQ
225590,패션플랫폼,KOSDAQ
225650,쿠첸,KOSDAQ
225850,미애부,KONEX
225860,엠앤씨생명과학,KONEX
226320,잇츠한불,KOSPI
226330,신테카바이오,KOSDAQ
226340,본느,KOSDAQ
226350,아이엠텍,KOSDAQ
226360,"KH 건설",KOSDAQ
226400,오스테오닉,KOSDAQ
226440,한송네오텍,KOSDAQ
226610,한국비엔씨,KONEX
226850,키움스팩4호,KOSDAQ
226950,올릭스,KOSDAQ
227100,퀀텀온,KOSDAQ
227420,도부마스크,KONEX
227610,아우딘퓨쳐스,KOSDAQ
227840,현대코퍼레이션홀딩스,KOSPI
227950,엔투텍,KOSDAQ
228180,티씨엠생명과학,KONEX
228340,동양파일,KOSDAQ
228670,레이,KOSDAQ
228760,지노믹트리,KOSDAQ
228850,레이언스,KOSDAQ
229000,젠큐릭스,KOSDAQ
229480,줌인터넷,KONEX
229500,노브메타파마,KONEX
229640,LS에코에너지,KOSPI
230240,에치에프알,KOSDAQ
230360,에코마케팅,"KOSDAQ GLOBAL"
230400,자비스,KONEX
230490,동부제4호스팩,KOSDAQ
230980,비유테크놀러지,KOSDAQ
232140,와이씨,KOSDAQ
232270,케이비제9호스팩,KOSDAQ
232290,SGA시스템즈,KONEX
232330,SK3호스팩,KOSDAQ
232360,아스팩오일,KONEX
232530,이엠티,KONEX
232680,라온테크,KOSDAQ
232830,시큐센,KOSDAQ
233190,미래자원엠엘,KONEX
233250,메디안디노스틱,KONEX
233990,질경이,KONEX
234070,에이원알폼,KONEX
234080,JW생명과학,KOSPI
234100,폴라리스세원,KOSDAQ
234300,에스트래픽,KOSDAQ
234340,헥토파이낸셜,KOSDAQ
234690,녹십자웰빙,KOSDAQ
234920,자이글,KOSDAQ
235010,하이에이아이1호스팩,KOSDAQ
235090,태경피엔에스,KONEX
235980,메드팩토,KOSDAQ
236030,씨알푸드,KONEX
236200,슈프리마,KOSDAQ
236340,메디젠휴먼케어,KONEX
236810,엔비티,KOSDAQ
237690,에스티팜,"KOSDAQ GLOBAL"
237720,케이엠제약,KONEX
237750,피앤씨테크,KOSDAQ
237820,플레이디,KOSDAQ
237880,클리오,KOSDAQ
238090,앤디포스,KOSDAQ
238120,얼라인드,KOSDAQ
238170,엔에스엠,KONEX
238200,비피도,KOSDAQ
238490,힘스,KOSDAQ
238500,로보쓰리에이아이,KONEX
239340,이스트에이드,KOSDAQ
239610,에이치엘사이언스,KOSDAQ
239890,피엔에이치테크,KOSDAQ
240340,인터코스,KONEX
240540,한국4호스팩,KOSDAQ
240600,유진테크놀로지,KOSDAQ
240810,원익IPS,"KOSDAQ GLOBAL"
241510,이에스산업,KONEX
241520,DSC인베스트먼트,KOSDAQ
241560,두산밥캣,KOSPI
241590,화승엔터프라이즈,KOSPI
241690,유니테크노,KOSDAQ
241710,코스메카코리아,KOSDAQ
241770,메카로,KOSDAQ
241790,티이엠씨씨엔에스,KOSDAQ
241820,피씨엘,KOSDAQ
241840,에이스토리,KOSDAQ
242040,나무기술,KOSDAQ
242350,피엔아이컴퍼니,KONEX
242420,본느,KONEX
242850,영현무역,KONEX
243070,휴온스,"KOSDAQ GLOBAL"
243840,신흥에스이씨,KOSDAQ
243870,굿센,KONEX
244460,올리패스,KOSDAQ
244880,나눔테크,KONEX
244920,에이플러스에셋,KOSPI
245030,스페이스솔루션,KONEX
245450,씨앤에스링크,KONEX
245620,EDGC,KOSDAQ
246250,에스엘에스바이오,KOSDAQ
246690,TS인베스트먼트,KOSDAQ
246710,티앤알바이오팹,KOSDAQ
246720,아스타,KOSDAQ
246830,시냅스엠,KONEX
246960,SCL사이언스,KOSDAQ
247300,인프라웨어테크놀러지,KONEX
247540,에코프로비엠,"KOSDAQ GLOBAL"
247660,나노씨엠에스,KOSDAQ
248020,젬,KONEX
248070,솔루엠,KOSPI
248170,샘표식품,KOSPI
249420,일동제약,KOSPI
250000,보라티알,KOSDAQ
250030,진코스텍,KONEX
250060,모비스,KOSDAQ
250300,제이에스피브이,KONEX
250930,예선테크,KOSDAQ
251120,바이오에프디엔씨,KOSDAQ
251270,넷마블,KOSPI
251280,안지오랩,KONEX
251370,와이엠티,KOSDAQ
251540,에스와이제이,KONEX
251630,브이원텍,KOSDAQ
251960,엠에프엠코리아,KONEX
251970,펌텍코리아,KOSDAQ
252370,유쎌,KONEX
252500,세화피앤씨,KOSDAQ
252940,에스엠로보틱스,KONEX
252990,샘씨엔에스,KOSDAQ
253450,스튜디오드래곤,"KOSDAQ GLOBAL"
253590,네오셈,KOSDAQ
253610,루트락,KONEX
253840,수젠텍,KOSDAQ
254120,자비스,KOSDAQ
254160,제이엠멀티,KONEX
254490,미래반도체,KOSDAQ
255220,SG,KOSDAQ
255440,야스,KOSDAQ
256090,패션플랫폼,KONEX
256150,한독크린텍,KOSDAQ
256630,포인트엔지니어링,KOSDAQ
256840,한국비엔씨,KOSDAQ
256940,케이피에스,KOSDAQ
257370,피엔티엠에스,KOSDAQ
257720,실리콘투,KOSDAQ
257730,신한제3호스팩,KOSDAQ
257990,나우코스,KONEX
258050,테크트랜스,KONEX
258250,셀젠텍,KONEX
258540,에스엘테라퓨틱스,KONEX
258610,케일럼,KOSDAQ
258790,소프트캠프,KOSDAQ
258830,세종메디칼,KOSDAQ
259630,엠플러스,KOSDAQ
259960,크래프톤,KOSPI
260490,캐로스,KONEX
260660,알리코제약,KOSDAQ
260870,SK시그넷,KONEX
260930,씨티케이,KOSDAQ
260970,에스앤디,KOSDAQ
261200,덴티스,KOSDAQ
261780,차백신연구소,KOSDAQ
262260,에이프로,KOSDAQ
262760,엔케이맥스,KONEX
262830,대신밸런스제4호스팩,KOSDAQ
262840,아이퀘스트,KOSDAQ
263020,디케이앤디,KOSDAQ
263050,유틸렉스,KOSDAQ
263540,어스앤에어로스페이스,KOSDAQ
263600,덕우전자,KOSDAQ
263690,디알젬,KOSDAQ
263700,케어랩스,KOSDAQ
263720,디앤씨미디어,KOSDAQ
263750,펄어비스,"KOSDAQ GLOBAL"
263770,유에스티,KOSDAQ
263800,데이타솔루션,KOSDAQ
263810,상신전자,KOSDAQ
263860,지니언스,KOSDAQ
263920,휴엠앤씨,KOSDAQ
264290,한화에이스스팩3호,KOSDAQ
264450,유비쿼스,KOSDAQ
264660,씨앤지하이테크,KOSDAQ
264850,이랜시스,KOSDAQ
264900,크라운제과,KOSPI
26490K,크라운제과우,KOSPI
265480,미래에셋대우스팩1호,KOSDAQ
265520,AP시스템,KOSDAQ
265560,영화테크,KOSDAQ
265740,엔에프씨,KOSDAQ
265920,한화수성스팩,KOSDAQ
266170,앤유엔터테인먼트,KONEX
266350,팡스카이,KONEX
266470,바이오인프라생명과학,KONEX
266870,파워풀엑스,KONEX
267060,명진홀딩스,KONEX
267080,세븐브로이맥주,KONEX
267250,HD현대,KOSPI
267260,HD현대일렉트릭,KOSPI
267270,HD현대건설기계,KOSPI
267290,경동도시가스,KOSPI
267320,나인테크,KOSDAQ
267790,배럴,KOSDAQ
267810,앙츠,KONEX
267850,아시아나IDT,KOSPI
267980,매일유업,"KOSDAQ GLOBAL"
268280,미원에스씨,KOSPI
268600,셀리버리,KOSDAQ
269620,시스웍,KOSDAQ
270020,이십일스토어,KONEX
270210,에스알바이오텍,KONEX
270520,지오릿에너지,KOSDAQ
270660,에브리봇,KOSDAQ
270870,뉴트리,KOSDAQ
271400,알로이스,KONEX
271560,오리온,KOSPI
271740,한국제5호스팩,KOSDAQ
271780,비엔에프코퍼레이션,KONEX
271830,팸텍,KOSDAQ
271850,다이오진,KONEX
271940,일진하이솔루스,KOSPI
271980,제일약품,KOSPI
272110,케이엔제이,KOSDAQ
272210,한화시스템,KOSPI
272290,이녹스첨단소재,"KOSDAQ GLOBAL"
272420,극동자동화,KONEX
272450,진에어,KOSPI
272550,삼양패키징,KOSPI
273060,와이즈버즈,KOSDAQ
273640,와이엠텍,KOSDAQ
274090,켄코아에어로스페이스,KOSDAQ
274400,이노시뮬레이션,KOSDAQ
275630,에스에스알,KOSDAQ
276040,스코넥,KOSDAQ
276240,엘리비젼,KONEX
276730,제주맥주,KOSDAQ
276920,IBKS제7호스팩,KOSDAQ
277070,린드먼아시아,KOSDAQ
277410,인산가,KOSDAQ
277480,신한제4호스팩,KOSDAQ
277810,레인보우로보틱스,KOSDAQ
277880,티에스아이,KOSDAQ
278280,천보,"KOSDAQ GLOBAL"
278380,원바이오젠,KONEX
278470,에이피알,KOSPI
278650,HLB바이오스텝,KOSDAQ
278990,EMB,KONEX
279060,이노벡스,KONEX
279410,한화에이스스팩4호,KOSDAQ
279600,미디어젠,KOSDAQ
280360,롯데웰푸드,KOSPI
281310,바이오시네틱스,KONEX
281410,한국제6호스팩,KOSDAQ
281740,레이크머티리얼즈,KOSDAQ
281820,케이씨텍,KOSPI
282330,BGF리테일,KOSPI
282690,동아타이어,KOSPI
282720,금양그린파워,KOSDAQ
282880,코윈테크,KOSDAQ
283100,노보믹스,KONEX
284420,휴럼,KONEX
284610,TS트릴리온,KONEX
284620,카이노스메드,KOSDAQ
284740,쿠쿠홈시스,KOSPI
285130,SK케미칼,KOSPI
28513K,SK케미칼우,KOSPI
285490,노바텍,KOSDAQ
285770,라이프사이언스테크놀로지,KONEX
285800,진영,KOSDAQ
286000,씨엔티드림,KONEX
286750,나노브릭,KOSDAQ
286940,롯데이노베이트,KOSPI
287410,제이시스메디칼,"KOSDAQ GLOBAL"
288330,브릿지바이오테라퓨틱스,KOSDAQ
288490,나라소프트,KONEX
288620,에스퓨얼셀,KOSDAQ
288980,모아데이타,KOSDAQ
289010,아이스크림에듀,KOSDAQ
289080,SV인베스트먼트,KOSDAQ
289170,바이오텐,KONEX
289220,자이언트스텝,KOSDAQ
289860,지슨,KONEX
290090,트윔,KOSDAQ
290120,DH오토리드,KOSDAQ
290270,휴네시온,KOSDAQ
290380,대유,KOSDAQ
290510,코리아센터,KOSDAQ
290520,신도기연,KOSDAQ
290550,디케이티,KOSDAQ
290560,신시웨이,KOSDAQ
290650,엘앤씨바이오,KOSDAQ
290660,네오펙트,KOSDAQ
290670,대보마그네틱,KOSDAQ
290690,소룩스,KOSDAQ
290720,푸드나무,KOSDAQ
290740,액트로,KOSDAQ
291210,한국제7호스팩,KOSDAQ
291230,엔피,KOSDAQ
291650,압타머사이언스,KOSDAQ
291810,핀텔,KOSDAQ
293480,하나제약,KOSPI
293490,카카오게임즈,"KOSDAQ GLOBAL"
293580,나우IB,KOSDAQ
293780,압타바이오,KOSDAQ
293940,신한알파리츠,KOSPI
294090,이오플로우,KOSDAQ
294140,레몬,KOSDAQ
294570,쿠콘,KOSDAQ
294630,서남,KOSDAQ
294870,HDC현대산업개발,KOSPI
295310,에이치브이엠,KOSDAQ
296160,프로젠,KONEX
296520,가이아코퍼레이션,KONEX
296640,이노룰스,KOSDAQ
297090,씨에스베어링,KOSDAQ
297570,알로이스,KOSDAQ
297890,HB솔루션,KOSDAQ
298000,효성화학,KOSPI
298020,효성티앤씨,KOSPI
298040,효성중공업,KOSPI
298050,효성첨단소재,KOSPI
298060,에스씨엠생명과학,KOSDAQ
298380,에이비엘바이오,KOSDAQ
298540,더네이쳐홀딩스,KOSDAQ
298690,에어부산,KOSPI
298830,슈어소프트테크,KOSDAQ
298870,우리벤처파트너스,KOSDAQ
299030,하나기술,KOSDAQ
299170,더블유에스아이,KOSDAQ
299480,지앤이헬스케어,KONEX
299660,셀리드,KOSDAQ
299670,에스엠비나,KONEX
299900,위지윅스튜디오,KOSDAQ
299910,애닉,KOSDAQ
300080,플리토,KOSDAQ
300120,라온피플,KOSDAQ
300720,한일시멘트,KOSPI
301300,바이브컴퍼니,KOSDAQ
302430,이노메트리,KOSDAQ
302440,SK바이오사이언스,KOSPI
302550,리메드,KOSDAQ
302920,더콘텐츠온,KONEX
303030,지니틱스,KOSDAQ
303360,프로티아,KOSDAQ
303530,이노뎁,KOSDAQ
304100,솔트룩스,KOSDAQ
304360,에스바이오메딕스,KOSDAQ
304840,피플바이오,KOSDAQ
305090,마이크로디지탈,KOSDAQ
306040,에스제이그룹,KOSDAQ
306200,세아제강,KOSPI
306620,네온테크,KOSDAQ
307070,SK4호스팩,KOSDAQ
307160,하나머스트제6호스팩,KOSDAQ
307180,아이엘사이언스,KOSDAQ
307280,원바이오젠,KOSDAQ
307750,국전약품,KOSDAQ
307870,비투엔,KOSDAQ
307930,컴퍼니케이,KOSDAQ
307950,현대오토에버,KOSPI
308080,바이젠셀,KOSDAQ
308100,까스텔바작,KOSDAQ
308170,씨티알모빌리티,KOSPI
308700,테크엔,KONEX
309900,티티씨디펜스,KONEX
309930,오하임앤컴퍼니,KOSDAQ
309960,LB인베스트먼트,KOSDAQ
310200,애니플러스,KOSDAQ
310210,보로노이,KOSDAQ
310840,엔에이치스팩13호,KOSDAQ
310870,디와이씨,KOSDAQ
311060,엘에이티,KONEX
311270,키움제5호스팩,KOSDAQ
311320,지오엘리먼트,KOSDAQ
311390,네오크레마,KOSDAQ
311690,"CJ 바이오사이언스",KOSDAQ
311840,대원모방,KONEX
311960,에이아이더뉴트리진,KONEX
312610,에이에프더블류,KOSDAQ
313750,유안타제4호스팩,KOSDAQ
313760,캐리,KOSDAQ
314130,지놈앤컴퍼니,KOSDAQ
314140,알피바이오,KOSDAQ
314930,바이오다인,KOSDAQ
315640,딥노이드,KOSDAQ
316140,우리금융지주,KOSPI
317030,케이비17호스팩,KOSDAQ
317120,라닉스,KOSDAQ
317240,TS트릴리온,KOSDAQ
317320,한화에스비아이스팩,KOSDAQ
317330,덕산테코피아,KOSDAQ
317400,자이에스앤디,KOSPI
317530,캐리소프트,KOSDAQ
317690,퀀타매트릭스,KOSDAQ
317770,엑스페릭스,KOSDAQ
317830,에스피시스템스,KOSDAQ
317850,대모,KOSDAQ
317860,노드메이슨,KONEX
317870,엔바이오니아,KOSDAQ
318000,KBG,KOSDAQ
318010,팜스빌,KOSDAQ
318020,포인트모바일,KOSDAQ
318160,셀바이오휴먼텍,KOSDAQ
318410,비비씨,KOSDAQ
318660,타임기술,KONEX
319400,현대무벡스,KOSDAQ
319660,피에스케이,"KOSDAQ GLOBAL"
320000,한울반도체,KOSDAQ
321260,프로이천,KOSDAQ
321370,센서뷰,KOSDAQ
321550,티움바이오,KOSDAQ
321820,아티스트유나이티드,KOSDAQ
322000,HD현대에너지솔루션,KOSPI
322180,티라유텍,KOSDAQ
322190,베른,KONEX
322310,오로스테크놀로지,KOSDAQ
322510,제이엘케이,KOSDAQ
322780,코퍼스코리아,KOSDAQ
322970,무진메디,KONEX
323210,이베스트이안스팩1호,KOSDAQ
323230,엠에프엠코리아,KOSDAQ
323280,태성,KOSDAQ
323350,다원넥스뷰,KOSDAQ
323410,카카오뱅크,KOSPI
323940,케이비제18호스팩,KOSDAQ
323990,박셀바이오,KOSDAQ
326030,SK바이오팜,KOSPI
327260,RF머트리얼즈,KOSDAQ
327610,펨토바이오메드,KONEX
327970,케어룸의료산업,KONEX
328130,루닛,KOSDAQ
328380,솔트웨어,KOSDAQ
329020,오션스톤,KONEX
329050,구스앤홈,KONEX
329180,HD현대중공업,KOSPI
329560,상상인이안제2호스팩,KOSDAQ
330350,위더스제약,KOSDAQ
330590,롯데리츠,KOSPI
330730,스톤브릿지벤처스,KOSDAQ
330860,네패스아크,KOSDAQ
330990,케이비제19호스팩,KOSDAQ
331380,포커스에이치엔에스,KOSDAQ
331520,밸로프,KOSDAQ
331660,한국미라클피플사,KONEX
331920,셀레믹스,KOSDAQ
332290,누보,KOSDAQ
332370,아이디피,KOSDAQ
332570,와이팜,KOSDAQ
332710,하나금융14호스팩,KOSDAQ
333050,모코엠시스,KOSDAQ
333430,일승,KOSDAQ
333620,엔시스,KOSDAQ
334890,이지스밸류리츠,KOSPI
334970,프레스티지바이오로직스,KOSDAQ
335810,프리시젼바이오,KOSDAQ
335870,윙스풋,KOSDAQ
335890,비올,KOSDAQ
336040,타스컴,KONEX
336060,웨이버스,KOSDAQ
336260,두산퓨얼셀,KOSPI
33626K,두산퓨얼셀1우,KOSPI
33626L,두산퓨얼셀2우B,KOSPI
336370,솔루스첨단소재,KOSPI
33637K,솔루스첨단소재1우,KOSPI
33637L,솔루스첨단소재2우B,KOSPI
336570,원텍,KOSDAQ
337450,SK5호스팩,KOSDAQ
337840,유엑스엔,KONEX
337930,브랜드엑스코퍼레이션,KOSDAQ
338100,NH프라임리츠,KOSPI
338220,뷰노,KOSDAQ
338840,와이바이오로직스,KOSDAQ
339770,교촌에프앤비,KOSPI
339950,아이비김영,KOSDAQ
340120,하이제5호스팩,KOSDAQ
340350,SK6호스팩,KOSDAQ
340360,다보링크,KOSDAQ
340440,세림B&G,KOSDAQ
340570,티앤엘,KOSDAQ
340810,씨유박스,KOSDAQ
340930,유일에너테크,KOSDAQ
341160,하나금융15호스팩,KOSDAQ
341170,퓨쳐메디신,KONEX
341310,이앤에치,KONEX
342550,케이비제20호스팩,KOSDAQ
343090,HLB사이언스,KONEX
343510,하나금융16호스팩,KOSDAQ
344050,신영스팩6호,KOSDAQ
344820,KCC글라스,KOSPI
344860,이노진,KOSDAQ
346010,타이드,KONEX
347000,센코,KOSDAQ
347140,케이프이에스제4호,KOSDAQ
347700,라이프시맨틱스,KOSDAQ
347740,피엔케이피부임상연구센타,KOSDAQ
347770,핌스,KOSDAQ
347850,디앤디파마텍,KOSDAQ
347860,알체라,KOSDAQ
347890,엠투아이,KOSDAQ
348030,모비릭스,KOSDAQ
348080,큐라티스,KOSDAQ
348150,고바이오랩,KOSDAQ
348210,넥스틴,"KOSDAQ GLOBAL"
348340,뉴로메카,KOSDAQ
348350,위드텍,KOSDAQ
348370,엔켐,KOSDAQ
348840,데이드림엔터,KONEX
348950,제이알글로벌리츠,KOSPI
349720,이베스트스팩5호,KOSDAQ
350520,이지스레지던스리츠,KOSPI
351020,미쥬,KONEX
351320,에스에이티이엔지,KOSDAQ
351330,이삭엔지니어링,KOSDAQ
351340,IBKS제13호스팩,KOSDAQ
352090,스톰테크,KOSDAQ
352480,씨앤씨인터내셔널,KOSDAQ
352700,씨앤투스,KOSDAQ
352770,클리노믹스,KOSDAQ
352820,하이브,KOSPI
352910,오비고,KOSDAQ
352940,인바이오,KOSDAQ
353060,에이치엠씨제5호스팩,KOSDAQ
353070,에이치엠씨제4호스팩,KOSDAQ
353190,휴럼,KOSDAQ
353200,대덕전자,KOSPI
35320K,대덕전자1우,KOSPI
353490,"미래에셋대우스팩 5호",KOSDAQ
353590,오토앤,KOSDAQ
353810,이지바이오,KOSDAQ
354200,엔젠바이오,KOSDAQ
354230,폭스소프트,KONEX
354320,알멕,KOSDAQ
354390,바스칸바이오제약,KONEX
355150,코스텍시스,KOSDAQ
355390,크라우드웍스,KOSDAQ
355690,에이텀,KOSDAQ
356680,엑스게이트,KOSDAQ
356860,티엘비,KOSDAQ
356890,싸이버원,KOSDAQ
357120,코람코라이프인프라리츠,KOSPI
357230,에이치피오,KOSDAQ
357250,미래에셋맵스리츠,KOSPI
357430,마스턴프리미어리츠,KOSPI
357550,석경에이티,KOSDAQ
357580,아모센스,KOSDAQ
357780,솔브레인,KOSDAQ
357880,비트나인,KOSDAQ
358570,지아이이노베이션,KOSDAQ
359090,씨엔알리서치,KOSDAQ
360070,탑머티리얼,KOSDAQ
360350,코셈,KOSDAQ
361390,제노코,KOSDAQ
361570,알비더블유,KOSDAQ
361610,SK아이이테크놀로지,KOSPI
361670,삼영에스앤씨,KOSDAQ
362320,청담글로벌,KOSDAQ
362990,드림인사이트,KOSDAQ
363250,진시스템,KOSDAQ
363260,모비데이즈,KOSDAQ
363280,티와이홀딩스,KOSPI
36328K,티와이홀딩스우,KOSPI
365270,큐라클,KOSDAQ
365330,에스와이스틸텍,KOSDAQ
365340,성일하이텍,KOSDAQ
365550,ESR켄달스퀘어리츠,KOSPI
365590,하이딥,KOSDAQ
365900,브이씨,KOSDAQ
366030,공구우먼,KOSDAQ
366330,신한제7호스팩,KOSDAQ
367000,플래티어,KOSDAQ
367340,DB금융스팩8호,KOSDAQ
367360,DB금융스팩9호,KOSDAQ
367460,유안타제7호스팩,KOSDAQ
367480,유안타제8호스팩,KOSDAQ
368600,아이씨에이치,KOSDAQ
368770,파이버프로,KOSDAQ
368970,오에스피,KOSDAQ
369370,블리츠웨이스튜디오,KOSDAQ
370090,퓨런티어,KOSDAQ
371950,풍원정밀,KOSDAQ
372170,윤성에프앤씨,KOSDAQ
372290,하나머스트7호스팩,KOSDAQ
372320,큐로셀,KOSDAQ
372800,아이티아이즈,KOSDAQ
372910,한컴라이프케어,KOSPI
373110,엑셀세라퓨틱스,KOSDAQ
373170,엠아이큐브솔루션,KOSDAQ
373200,엑스플러스,KOSDAQ
373220,LG에너지솔루션,KOSPI
373340,유진스팩6호,KOSDAQ
375500,DL이앤씨,KOSPI
37550K,DL이앤씨우,KOSPI
37550L,DL이앤씨2우(전환),KOSPI
376180,피코그램,KOSDAQ
376190,LB루셈,KOSDAQ
376290,씨유테크,KOSDAQ
376300,디어유,KOSDAQ
376930,노을,KOSDAQ
376980,원티드랩,KOSDAQ
377030,맥스트,KOSDAQ
377190,디앤디플랫폼리츠,KOSPI
377220,프롬바이오,KOSDAQ
377300,카카오페이,KOSPI
377330,이지트로닉스,KOSDAQ
377400,하이제6호스팩,KOSDAQ
377450,리파인,KOSDAQ
377460,위니아에이드,KOSDAQ
377480,마음AI,KOSDAQ
377630,삼성스팩4호,KOSDAQ
377740,바이오노트,KOSPI
378340,필에너지,KOSDAQ
378800,샤페론,KOSDAQ
378850,화승알앤에이,KOSPI
379390,이성씨엔아이,KONEX
380320,삼성머스트스팩5호,KOSDAQ
380440,엔에이치스팩19호,KOSPI
380540,옵티코어,KOSDAQ
381970,케이카,KOSPI
382480,지아이텍,KOSDAQ
382800,"지앤비에스 에코",KOSDAQ
382840,원준,KOSDAQ
382900,범한퓨얼셀,KOSDAQ
383220,F&F,KOSPI
383310,에코프로에이치엔,"KOSDAQ GLOBAL"
383800,LX홀딩스,KOSPI
38380K,LX홀딩스1우,KOSPI
383930,디티앤씨알오,KOSDAQ
384470,코어라인소프트,KOSDAQ
386580,한화플러스제2호스팩,KOSDAQ
387310,대신밸런스제10호스팩,KOSDAQ
388050,지투파워,KOSDAQ
388220,하나금융19호스팩,KOSDAQ
388610,지에프씨생명과학,KONEX
388720,유일로보틱스,KOSDAQ
388790,라이콤,KOSDAQ
388800,유진스팩7호,KOSDAQ
388870,파로스아이바이오,KOSDAQ
389020,자람테크놀로지,KOSDAQ
389030,지니너스,KOSDAQ
389140,포바이포,KOSDAQ
389260,대명에너지,KOSDAQ
389470,인벤티지랩,KOSDAQ
389500,에스비비테크,KOSDAQ
390110,애니메디솔루션,KONEX
391060,엔에이치스팩20호,KOSDAQ
391710,코닉오토메이션,KOSDAQ
393210,토마토시스템,KOSDAQ
393360,신한제8호스팩,KOSDAQ
393890,더블유씨피,"KOSDAQ GLOBAL"
394280,오픈엣지테크놀로지,KOSDAQ
395400,SK리츠,KOSPI
396270,넥스트칩,KOSDAQ
396300,세아메카닉스,KOSDAQ
396470,워트,KOSDAQ
396690,미래에셋글로벌리츠,KOSPI
396770,엔에이치스팩22호,KOSDAQ
397030,에이프릴바이오,KOSDAQ
397500,대신밸런스제11호스팩,KOSDAQ
397880,교보11호스팩,KOSDAQ
399720,가온칩스,KOSDAQ
400560,하나금융20호스팩,KOSDAQ
400760,NH올원리츠,KOSPI
400840,하이제7호스팩,KOSDAQ
402030,코난테크놀로지,KOSDAQ
402340,SK스퀘어,KOSPI
402420,켈스,KONEX
402490,그린리소스,KOSDAQ
403360,라피치,KONEX
403490,우듬지팜,KOSDAQ
403550,쏘카,KOSPI
403870,HPSP,"KOSDAQ GLOBAL"
404950,DB금융스팩10호,KOSDAQ
404990,신한서부티엔디리츠,KOSPI
405000,플라즈맵,KOSDAQ
405100,큐알티,KOSDAQ
405350,IBKS제17호스팩,KOSDAQ
405640,신한제9호스팩,KOSDAQ
405920,나라셀라,KOSDAQ
406760,하나금융21호스팩,KOSDAQ
406820,뷰티스킨,KOSDAQ
407400,꿈비,KOSDAQ
408900,스튜디오미르,KOSDAQ
408920,메쎄이상,KOSDAQ
409570,한국제10호스팩,KOSDAQ
411080,샌즈랩,KOSDAQ
412350,레이저쎌,KOSDAQ
412540,제일엠앤에스,KOSDAQ
412930,미래에셋비전스팩1호,KOSDAQ
413300,티엘엔지니어링,KONEX
413600,키움제6호스팩,KOSDAQ
413630,씨피시스템,KOSDAQ
413640,비아이매트릭스,KOSDAQ
415380,스튜디오삼익,KOSDAQ
415580,상상인제3호스팩,KOSDAQ
416180,신성에스티,KOSDAQ
417010,나노팀,KOSDAQ
417180,핑거스토리,KOSDAQ
417200,LS머트리얼즈,KOSDAQ
417310,코람코더원리츠,KOSPI
417500,제이아이테크,KOSDAQ
417790,트루엔,KOSDAQ
417840,저스템,KOSDAQ
417860,오브젠,KOSDAQ
417970,모델솔루션,KOSDAQ
418170,하나금융22호스팩,KOSDAQ
418210,신한제10호스팩,KOSDAQ
418250,시큐레터,KOSDAQ
418420,라온텍,KOSDAQ
418470,밀리의서재,KOSDAQ
418550,제이오,KOSDAQ
418620,이에이트,KOSDAQ
419050,삼기이브이,KOSDAQ
419080,엔젯,KOSDAQ
419120,산돌,KOSDAQ
419270,신영스팩7호,KOSDAQ
419530,SAMG엔터,KOSDAQ
419540,비스토스,KOSDAQ
419700,이브이파킹서비스,KONEX
420570,제이투케이바이오,KOSDAQ
420770,기가비스,KOSDAQ
421800,교보12호스팩,KOSDAQ
422040,엔에이치스팩23호,KOSDAQ
424140,케이비제21호스팩,KOSDAQ
424760,벨로크,KOSDAQ
424960,스마트레이더시스템,KOSDAQ
424980,마이크로투나노,KOSDAQ
425040,티이엠씨,KOSDAQ
425290,삼성스팩6호,KOSDAQ
425420,티에프이,KOSDAQ
426550,IBKS제19호스팩,KOSDAQ
426670,대신밸런스제12호스팩,KOSDAQ
427950,하나금융23호스팩,KOSDAQ
429270,시지트로닉스,KOSDAQ
430220,신영스팩8호,KOSDAQ
430230,하나금융24호스팩,KOSDAQ
430460,한화플러스제3호스팩,KOSDAQ
430690,한싹,KOSDAQ
430700,유안타제9호스팩,KOSDAQ
432320,KB스타리츠,KOSPI
432430,와이랩,KOSDAQ
432470,케이엔에스,KOSDAQ
432720,퀄리타스반도체,KOSDAQ
433530,키움제7호스팩,KOSDAQ
434190,탈로스,KONEX
434480,모니터랩,KOSDAQ
435380,유안타제10호스팩,KOSDAQ
435620,하나금융25호스팩,KOSDAQ
435870,에스케이증권제8호스팩,KOSDAQ
436530,케이비제22호스팩,KOSDAQ
436610,한국제11호스팩,KOSDAQ
437730,삼현,KOSDAQ
437780,엔에이치스팩24호,KOSDAQ
438220,대신밸런스제13호스팩,KOSDAQ
438580,엔에이치스팩25호,KOSDAQ
438700,버넥트,KOSDAQ
439090,마녀공장,KOSDAQ
439250,삼성스팩7호,KOSDAQ
439410,엔에이치스팩26호,KOSDAQ
439580,블루엠텍,KOSDAQ
439730,IBKS제20호스팩,KOSDAQ
440110,파두,KOSDAQ
440200,케이비제23호스팩,KOSDAQ
440290,HB인베스트먼트,KOSDAQ
440320,오픈놀,KOSDAQ
440790,교보13호스팩,KOSDAQ
440820,엔에이치스팩27호,KOSDAQ
441270,파인엠텍,KOSDAQ
442130,유진스팩9호,KOSDAQ
442310,대신밸런스제14호스팩,KOSDAQ
442770,IBKS제21호스팩,KOSDAQ
442900,미래에셋드림스팩1호,KOSDAQ
443060,HD현대마린솔루션,KOSPI
443250,레뷰코퍼레이션,KOSDAQ
443670,에스피소프트,KOSDAQ
444920,유안타제11호스팩,KOSDAQ
445090,에이직랜드,KOSDAQ
445180,퓨릿,KOSDAQ
445360,비엔케이제1호스팩,KOSDAQ
445680,큐리옥스바이오시스템즈,KOSDAQ
445970,신영스팩9호,KOSDAQ
446070,유니드비티플러스,KOSPI
446150,유안타제12호스팩,KOSDAQ
446190,미래에셋비전스팩2호,KOSDAQ
446440,에피바이오텍,KONEX
446540,메가터치,KOSDAQ
446600,카이바이오텍,KONEX
446750,하나26호스팩,KOSDAQ
446840,키움제8호스팩,KOSDAQ
447690,아이오바이오,KONEX
448280,에코아이,KOSDAQ
448370,하나27호스팩,KOSDAQ
448710,코츠테크놀로지,KOSDAQ
448730,삼성FN리츠,KOSPI
448740,삼성스팩8호,KOSDAQ
448760,IBKS제22호스팩,KOSDAQ
448780,마이크로엔엑스,KONEX
448830,미래에셋비전스팩3호,KOSDAQ
448900,한국피아이엠,KONEX
449020,유안타제13호스팩,KOSDAQ
450050,하이제8호스팩,KOSDAQ
450080,에코프로머티,KOSPI
450140,코오롱모빌리티그룹,KOSPI
45014K,코오롱모빌리티그룹우,KOSPI
450330,하스,KOSDAQ
450410,엔에이치스팩28호,KOSDAQ
450520,인스웨이브시스템즈,KOSDAQ
450940,유안타제14호스팩,KOSDAQ
451220,아이엠티,KOSDAQ
451250,삐아,KOSDAQ
451700,엔에이치스팩29호,KOSDAQ
451760,컨텍,KOSDAQ
451800,한화리츠,KOSPI
452160,제이엔비,KOSDAQ
452190,한빛레이저,KOSDAQ
452200,민테크,KOSDAQ
452260,한화갤러리아,KOSPI
45226K,한화갤러리아우,KOSPI
452280,한선엔지니어링,KOSDAQ
452300,캡스톤파트너스,KOSDAQ
452400,이닉스,KOSDAQ
452430,사피엔반도체,KOSDAQ
452670,상상인제4호스팩,KOSDAQ
452980,신한제11호스팩,KOSDAQ
453340,현대그린푸드,KOSPI
453450,그리드위즈,KOSDAQ
453860,에이에스텍,KOSDAQ
454640,하나29호스팩,KOSDAQ
454750,하나28호스팩,KOSDAQ
454910,두산로보틱스,KOSPI
455250,KB제25호스팩,KOSDAQ
455310,한화플러스제4호스팩,KOSDAQ
455900,엔젤로보틱스,KOSDAQ
455910,에스케이증권제9호스팩,KOSDAQ
456010,아이씨티케이,KOSDAQ
456040,OCI,KOSPI
456190,큐라켐,KONEX
456440,DB금융스팩11호,KOSDAQ
456490,교보14호스팩,KOSDAQ
456570,아이엠지티,KONEX
456700,길교이앤씨,KONEX
457190,이수스페셜티케미컬,KOSPI
457390,대신밸런스제15호스팩,KOSDAQ
457550,우진엔텍,KOSDAQ
457630,대신밸런스제16호스팩,KOSDAQ
457940,에스케이증권제10호스팩,KOSDAQ
458320,KB제26호스팩,KOSDAQ
458610,한국제12호스팩,KOSDAQ
458870,씨어스테크놀로지,KOSDAQ
460850,동국씨엠,KOSPI
460860,동국제강,KOSPI
460930,현대힘스,KOSDAQ
461030,아이엠비디엑스,KOSDAQ
462020,에이치엠씨제6호스팩,KOSDAQ
462350,이노스페이스,KOSDAQ
462510,라메디텍,KOSDAQ
462520,조선내화,KOSPI
462870,시프트업,KOSPI
464080,에스오에스랩,KOSDAQ
464440,한국제13호스팩,KOSDAQ
464680,KB제27호스팩,KOSDAQ
465320,교보15호스팩,KOSDAQ
465770,STX그린로지스,KOSPI
466910,엔에이치스팩30호,KOSDAQ
467930,IBKS제23호스팩,KOSDAQ
468510,삼성스팩9호,KOSDAQ
468760,유진스팩10호,KOSDAQ
469480,IBKS제24호스팩,KOSDAQ
469880,하나30호스팩,KOSDAQ
469900,하나31호스팩,KOSDAQ
471050,대신밸런스제17호스팩,KOSDAQ
472220,신영스팩10호,KOSDAQ
472230,에스케이증권제11호스팩,KOSDAQ
472850,폰드그룹,KOSDAQ
473000,에스케이증권제12호스팩,KOSDAQ
473050,유안타제15호스팩,KOSDAQ
473370,비엔케이제2호스팩,KOSDAQ
474490,유안타제16호스팩,KOSDAQ
474660,신한제12호스팩,KOSDAQ
474930,신한제13호스팩,KOSDAQ
475150,SK이터닉스,KOSPI
475240,하나32호스팩,KOSDAQ
475250,하나33호스팩,KOSDAQ
476470,KB제28호스팩,KOSDAQ
477340,에이치엠씨제7호스팩,KOSDAQ
477380,미래에셋비전스팩4호,KOSDAQ
477470,미래에셋비전스팩5호,KOSDAQ
477530,한국제14호스팩,KOSDAQ
477760,DB금융스팩12호,KOSDAQ
478110,이베스트스팩6호,KOSDAQ
478390,KB제29호스팩,KOSDAQ
478440,미래에셋비전스팩6호,KOSDAQ
479880,한국제15호스팩,KOSDAQ
481850,신한글로벌액티브리츠,KOSPI
900010,3노드디지탈,KOSDAQ
900020,코웰이홀딩스,KOSDAQ
900030,연합과기,KOSPI
900040,차이나그레이트,KOSDAQ
900050,중국원양자원,KOSPI
900060,중국식품포장,KOSDAQ
900070,글로벌에스엠,KOSDAQ
900080,에스앤씨엔진그룹,KOSDAQ
900090,차이나하오란,KOSDAQ
900100,애머릿지,KOSDAQ
900110,이스트아시아홀딩스,KOSDAQ
900120,씨엑스아이,KOSDAQ
900130,웨이포트,KOSDAQ
900140,엘브이엠씨홀딩스,KOSPI
900150,성융광전투자,KOSDAQ
900180,완리,KOSDAQ
900250,크리스탈신소재,KOSDAQ
900260,로스웰,KOSDAQ
900270,헝셩그룹,KOSDAQ
900280,골든센츄리,KOSDAQ
900290,GRT,KOSDAQ
900300,오가닉티코스메틱,KOSDAQ
900310,컬러레이,KOSDAQ
900340,윙입푸드,KOSDAQ
950010,"평산차업 KDR",KOSPI
950030,네프로아이티,KOSDAQ
950070,중국고섬,KOSPI
950100,SBI모기지,KOSPI
950110,SBI핀테크솔루션즈,KOSDAQ
950130,엑세스바이오,KOSDAQ
950140,잉글우드랩,KOSDAQ
950160,코오롱티슈진,KOSDAQ
950170,JTC,KOSDAQ
950180,SNK,KOSDAQ
950190,고스트스튜디오,KOSDAQ
950200,소마젠,KOSDAQ
950210,프레스티지바이오파마,KOSPI
950220,네오이뮨텍,KOSDAQ
